customer_id,campaign_id,p_treatment,p_control,uplift_score,expected_incremental_revenue,expected_incremental_profit,recommendation,model_version,customer_taxonomies,uplift_segment
C0001,P001,0.5272,0.7919,-0.2647,-60.47,-37.17,SLEEPING DOG (DO NOT DISTURB),0.1.0,Frequent Shopper,Sleeping Dog
C0002,P001,0.322,0.267,0.055,-1.54,-6.98,SKIP,0.1.0,Occasional,Persuadal
C0003,P001,0.4626,0.6725,-0.21,-49.42,-31.04,SLEEPING DOG (DO NOT DISTURB),0.1.0,Price Sensitive,Sleeping Dog
C0004,P001,0.6852,0.537,0.1482,1.83,-12.0,SKIP,0.1.0,Price Sensitive,Persuadal
C0005,P001,0.6084,0.496,0.1124,-1.51,-12.12,SKIP,0.1.0,High Value,Persuadal
C0006,P001,0.4973,0.5183,-0.021,-19.68,-18.29,SLEEPING DOG (DO NOT DISTURB),0.1.0,High Value,Sure Thing
C0007,P001,0.5814,0.5563,0.0251,-14.9,-17.65,SKIP,0.1.0,High Value,Sure Thing
C0008,P001,0.6134,0.4716,0.1418,3.13,-10.12,SKIP,0.1.0,Occasional,Persuadal
C0009,P001,0.4007,0.5354,-0.1347,-35.09,-23.49,SLEEPING DOG (DO NOT DISTURB),0.1.0,Price Sensitive,Sleeping Dog
C0010,P001,0.5699,0.4804,0.0895,-4.0,-12.55,SKIP,0.1.0,Price Sensitive,Persuadal
C0011,P001,0.4219,0.5964,-0.1745,-42.29,-27.11,SLEEPING DOG (DO NOT DISTURB),0.1.0,High Value,Sleeping Dog
C0012,P001,0.5078,0.511,-0.0032,-17.12,-17.33,SLEEPING DOG (DO NOT DISTURB),0.1.0,Occasional,Sure Thing
C0013,P001,0.6775,0.444,0.2335,16.01,-5.48,SKIP,0.1.0,Occasional,Persuadal
C0014,P001,0.5438,0.5765,-0.0327,-23.11,-20.67,SLEEPING DOG (DO NOT DISTURB),0.1.0,Frequent Shopper,Sure Thing
C0015,P001,0.3932,0.338,0.0553,-3.82,-9.29,SKIP,0.1.0,High Value,Persuadal
C0016,P001,0.4237,0.404,0.0196,-10.64,-12.9,SKIP,0.1.0,High Value,Lost Cause
C0017,P001,0.6184,0.4672,0.1512,4.5,-9.6,SKIP,0.1.0,Frequent Shopper,Persuadal
C0018,P001,0.5575,0.4921,0.0654,-7.53,-13.91,SKIP,0.1.0,Price Sensitive,Persuadal
C0019,P001,0.5836,0.587,-0.0034,-19.62,-19.82,SLEEPING DOG (DO NOT DISTURB),0.1.0,Frequent Shopper,Sure Thing
C0020,P001,0.4968,0.5035,-0.0067,-17.33,-17.22,SLEEPING DOG (DO NOT DISTURB),0.1.0,Frequent Shopper,Sure Thing
C0021,P001,0.5414,0.7835,-0.2421,-57.24,-35.98,SLEEPING DOG (DO NOT DISTURB),0.1.0,Price Sensitive,Sleeping Dog
C0022,P001,0.6898,0.6298,0.06,-12.73,-18.63,SKIP,0.1.0,High Value,Persuadal
C0023,P001,0.5694,0.7948,-0.2254,-55.42,-35.66,SLEEPING DOG (DO NOT DISTURB),0.1.0,Frequent Shopper,Sleeping Dog
C0024,P001,0.3389,0.4279,-0.0889,-25.6,-18.11,SLEEPING DOG (DO NOT DISTURB),0.1.0,Frequent Shopper,Sleeping Dog
C0025,P001,0.7214,0.2304,0.491,56.64,12.01,TARGET,0.1.0,Frequent Shopper,Persuadal
C0026,P001,0.4119,0.5643,-0.1524,-38.36,-25.16,SLEEPING DOG (DO NOT DISTURB),0.1.0,Price Sensitive,Sleeping Dog
C0027,P001,0.4219,0.5554,-0.1335,-35.59,-24.09,SLEEPING DOG (DO NOT DISTURB),0.1.0,High Value,Sleeping Dog
C0028,P001,0.4251,0.4891,-0.064,-24.35,-19.09,SLEEPING DOG (DO NOT DISTURB),0.1.0,Price Sensitive,Sleeping Dog
C0029,P001,0.5976,0.2293,0.3682,40.63,7.03,TARGET,0.1.0,Price Sensitive,Persuadal
C0030,P001,0.4749,0.6098,-0.1349,-37.55,-25.93,SLEEPING DOG (DO NOT DISTURB),0.1.0,High Value,Sleeping Dog
C0031,P001,0.3537,0.3464,0.0073,-10.37,-11.52,SKIP,0.1.0,Price Sensitive,Lost Cause
C0032,P001,0.4266,0.573,-0.1463,-37.85,-25.19,SLEEPING DOG (DO NOT DISTURB),0.1.0,High Value,Sleeping Dog
C0033,P001,0.5222,0.5891,-0.0669,-27.98,-22.48,SLEEPING DOG (DO NOT DISTURB),0.1.0,High Value,Sleeping Dog
C0034,P001,0.2391,0.2727,-0.0336,-13.3,-10.78,SLEEPING DOG (DO NOT DISTURB),0.1.0,Occasional,Lost Cause
C0035,P001,0.4682,0.4036,0.0647,-4.73,-11.05,SKIP,0.1.0,Occasional,Persuadal
C0036,P001,0.5577,0.1587,0.399,46.97,10.6,TARGET,0.1.0,Occasional,Persuadal
C0037,P001,0.6181,0.153,0.4651,55.78,13.48,TARGET,0.1.0,Frequent Shopper,Persuadal
C0038,P001,0.4743,0.485,-0.0107,-17.25,-16.78,SLEEPING DOG (DO NOT DISTURB),0.1.0,High Value,Lost Cause
C0039,P001,0.6129,0.3652,0.2477,20.45,-2.32,SKIP,0.1.0,Price Sensitive,Persuadal
C0040,P001,0.5916,0.5881,0.0035,-18.76,-19.57,SKIP,0.1.0,Frequent Shopper,Sure Thing
C0041,P001,0.7119,0.482,0.23,14.31,-6.86,SKIP,0.1.0,High Value,Persuadal
C0042,P001,0.2558,0.3986,-0.1428,-31.69,-19.35,SLEEPING DOG (DO NOT DISTURB),0.1.0,Frequent Shopper,Sleeping Dog
C0043,P001,0.5311,0.5765,-0.0454,-24.77,-21.19,SLEEPING DOG (DO NOT DISTURB),0.1.0,High Value,Sure Thing
C0044,P001,0.5638,0.7859,-0.2222,-54.72,-35.25,SLEEPING DOG (DO NOT DISTURB),0.1.0,Occasional,Sleeping Dog
C0045,P001,0.5773,0.501,0.0763,-6.4,-13.76,SKIP,0.1.0,Frequent Shopper,Persuadal
C0046,P001,0.5513,0.6242,-0.0728,-29.91,-23.87,SLEEPING DOG (DO NOT DISTURB),0.1.0,Price Sensitive,Sleeping Dog
C0047,P001,0.401,0.5706,-0.1696,-40.81,-26.06,SLEEPING DOG (DO NOT DISTURB),0.1.0,Frequent Shopper,Sleeping Dog
C0048,P001,0.5668,0.3719,0.195,13.33,-4.7,SKIP,0.1.0,Price Sensitive,Persuadal
C0049,P001,0.5798,0.3538,0.226,17.98,-2.84,SKIP,0.1.0,Price Sensitive,Persuadal
C0050,P001,0.4732,0.6231,-0.1498,-39.94,-26.97,SLEEPING DOG (DO NOT DISTURB),0.1.0,High Value,Sleeping Dog
C0051,P001,0.6196,0.1962,0.4234,48.93,10.37,TARGET,0.1.0,Occasional,Persuadal
C0052,P001,0.5797,0.6646,-0.0849,-32.81,-25.68,SLEEPING DOG (DO NOT DISTURB),0.1.0,Price Sensitive,Sleeping Dog
C0053,P001,0.2632,0.336,-0.0728,-20.49,-14.45,SLEEPING DOG (DO NOT DISTURB),0.1.0,Occasional,Sleeping Dog
C0054,P001,0.6401,0.1962,0.4439,51.6,11.2,TARGET,0.1.0,Occasional,Persuadal
C0055,P001,0.5667,0.3283,0.2385,20.44,-1.49,SKIP,0.1.0,Price Sensitive,Persuadal
C0056,P001,0.5021,0.5174,-0.0153,-18.91,-18.03,SLEEPING DOG (DO NOT DISTURB),0.1.0,Occasional,Sure Thing
C0057,P001,0.498,0.4485,0.0494,-8.19,-13.14,SKIP,0.1.0,High Value,Lost Cause
C0058,P001,0.6732,0.6002,0.073,-10.06,-17.13,SKIP,0.1.0,High Value,Persuadal
C0059,P001,0.4633,0.5867,-0.1234,-35.29,-24.7,SLEEPING DOG (DO NOT DISTURB),0.1.0,High Value,Sleeping Dog
C0060,P001,0.5582,0.5189,0.0393,-11.82,-15.85,SKIP,0.1.0,Frequent Shopper,Sure Thing
C0061,P001,0.5942,0.2882,0.306,30.58,2.57,TARGET,0.1.0,Frequent Shopper,Persuadal
C0062,P001,0.6259,0.6005,0.0253,-16.31,-19.09,SKIP,0.1.0,Frequent Shopper,Sure Thing
C0063,P001,0.6585,0.7064,-0.0479,-29.34,-25.54,SLEEPING DOG (DO NOT DISTURB),0.1.0,Occasional,Sure Thing
C0064,P001,0.4347,0.4566,-0.0219,-17.78,-16.31,SLEEPING DOG (DO NOT DISTURB),0.1.0,Frequent Shopper,Lost Cause
C0065,P001,0.6614,0.2926,0.3688,38.64,4.99,TARGET,0.1.0,Frequent Shopper,Persuadal
C0066,P001,0.4269,0.742,-0.3152,-65.44,-37.61,SLEEPING DOG (DO NOT DISTURB),0.1.0,Price Sensitive,Sleeping Dog
C0067,P001,0.5527,0.6619,-0.1092,-35.89,-26.58,SLEEPING DOG (DO NOT DISTURB),0.1.0,High Value,Sleeping Dog
C0068,P001,0.3878,0.3401,0.0477,-4.87,-9.66,SKIP,0.1.0,Occasional,Lost Cause
C0069,P001,0.401,0.6036,-0.2026,-46.2,-28.49,SLEEPING DOG (DO NOT DISTURB),0.1.0,High Value,Sleeping Dog
C0070,P001,0.537,0.153,0.3839,45.18,10.17,TARGET,0.1.0,Occasional,Persuadal
C0071,P001,0.6302,0.4574,0.1728,7.64,-8.39,SKIP,0.1.0,Price Sensitive,Persuadal
C0072,P001,0.3386,0.5721,-0.2335,-49.2,-28.72,SLEEPING DOG (DO NOT DISTURB),0.1.0,High Value,Sleeping Dog
C0073,P001,0.4051,0.4976,-0.0925,-28.35,-20.53,SLEEPING DOG (DO NOT DISTURB),0.1.0,High Value,Sleeping Dog
C0074,P001,0.5809,0.153,0.4279,50.92,11.96,TARGET,0.1.0,Occasional,Persuadal
C0075,P001,0.6338,0.57,0.0637,-10.3,-16.52,SKIP,0.1.0,Price Sensitive,Persuadal
C0076,P001,0.4435,0.8545,-0.411,-81.64,-45.19,SLEEPING DOG (DO NOT DISTURB),0.1.0,Price Sensitive,Sleeping Dog
C0077,P001,0.4893,0.4458,0.0435,-8.88,-13.29,SKIP,0.1.0,Price Sensitive,Lost Cause
C0078,P001,0.4911,0.4245,0.0666,-5.17,-11.66,SKIP,0.1.0,High Value,Persuadal
C0079,P001,0.6397,0.5108,0.1289,0.16,-11.93,SKIP,0.1.0,Frequent Shopper,Persuadal
C0080,P001,0.5087,0.5224,-0.0136,-18.85,-18.12,SLEEPING DOG (DO NOT DISTURB),0.1.0,High Value,Sure Thing
C0081,P001,0.3661,0.1962,0.1699,15.79,0.02,TARGET,0.1.0,Occasional,Persuadal
C0082,P001,0.3805,0.2375,0.143,10.93,-2.43,SKIP,0.1.0,Price Sensitive,Persuadal
C0083,P001,0.3861,0.2309,0.1552,12.74,-1.71,SKIP,0.1.0,Frequent Shopper,Persuadal
C0084,P001,0.4732,0.338,0.1353,6.63,-6.02,SKIP,0.1.0,High Value,Persuadal
C0085,P001,0.5563,0.5982,-0.0419,-25.02,-21.75,SLEEPING DOG (DO NOT DISTURB),0.1.0,Frequent Shopper,Sure Thing
C0086,P001,0.6436,0.1677,0.4759,56.72,13.44,TARGET,0.1.0,Frequent Shopper,Persuadal
C0087,P001,0.5905,0.5015,0.089,-4.75,-13.25,SKIP,0.1.0,Price Sensitive,Persuadal
C0088,P001,0.5503,0.5103,0.04,-11.44,-15.54,SKIP,0.1.0,Price Sensitive,Sure Thing
C0089,P001,0.594,0.4655,0.1285,1.58,-10.47,SKIP,0.1.0,Occasional,Persuadal
C0090,P001,0.4973,0.3724,0.1249,4.15,-7.57,SKIP,0.1.0,Frequent Shopper,Persuadal
C0091,P001,0.5039,0.6115,-0.1076,-34.04,-24.87,SLEEPING DOG (DO NOT DISTURB),0.1.0,High Value,Sleeping Dog
C0092,P001,0.575,0.8355,-0.2605,-61.34,-38.43,SLEEPING DOG (DO NOT DISTURB),0.1.0,Price Sensitive,Sleeping Dog
C0093,P001,0.5394,0.2061,0.3333,36.82,6.36,TARGET,0.1.0,Price Sensitive,Persuadal
C0094,P001,0.5763,0.4279,0.1484,5.41,-8.43,SKIP,0.1.0,Price Sensitive,Persuadal
C0095,P001,0.4766,0.6954,-0.2188,-51.31,-32.15,SLEEPING DOG (DO NOT DISTURB),0.1.0,Price Sensitive,Sleeping Dog
C0096,P001,0.478,0.2031,0.2749,29.29,4.08,TARGET,0.1.0,Frequent Shopper,Persuadal
C0097,P001,0.4617,0.19,0.2717,29.3,4.38,TARGET,0.1.0,Price Sensitive,Persuadal
C0098,P001,0.3045,0.5841,-0.2796,-55.63,-31.0,SLEEPING DOG (DO NOT DISTURB),0.1.0,Frequent Shopper,Sleeping Dog
C0099,P001,0.6636,0.482,0.1817,8.0,-8.83,SKIP,0.1.0,High Value,Persuadal
C0100,P001,0.6719,0.6333,0.0386,-15.64,-19.61,SKIP,0.1.0,High Value,Sure Thing
C0101,P001,0.351,0.4531,-0.1021,-28.14,-19.47,SLEEPING DOG (DO NOT DISTURB),0.1.0,High Value,Sleeping Dog
C0102,P001,0.4465,0.2176,0.2289,22.81,1.73,TARGET,0.1.0,Price Sensitive,Persuadal
C0103,P001,0.5692,0.2926,0.2765,26.58,1.22,TARGET,0.1.0,Frequent Shopper,Persuadal
C0104,P001,0.5729,0.2732,0.2996,30.23,2.8,TARGET,0.1.0,Price Sensitive,Persuadal
C0105,P001,0.2391,0.1962,0.043,-0.79,-5.16,SKIP,0.1.0,Occasional,Lost Cause
C0106,P001,0.5942,0.2939,0.3004,29.66,2.16,TARGET,0.1.0,Frequent Shopper,Persuadal
C0107,P001,0.5875,0.2008,0.3867,43.98,8.72,TARGET,0.1.0,Frequent Shopper,Persuadal
C0108,P001,0.6902,0.2732,0.417,45.57,7.59,TARGET,0.1.0,Price Sensitive,Persuadal
C0109,P001,0.655,0.4594,0.1955,10.54,-7.53,SKIP,0.1.0,Frequent Shopper,Persuadal
C0110,P001,0.617,0.4743,0.1427,3.16,-10.17,SKIP,0.1.0,High Value,Persuadal
C0111,P001,0.277,0.3464,-0.0694,-20.39,-14.65,SLEEPING DOG (DO NOT DISTURB),0.1.0,Frequent Shopper,Sleeping Dog
C0112,P001,0.617,0.4723,0.1447,3.48,-10.03,SKIP,0.1.0,High Value,Persuadal
C0113,P001,0.6242,0.278,0.3461,36.15,4.54,TARGET,0.1.0,Occasional,Persuadal
C0114,P001,0.4644,0.278,0.1864,15.27,-1.98,SKIP,0.1.0,Occasional,Persuadal
C0115,P001,0.4101,0.6028,-0.1926,-44.87,-28.05,SLEEPING DOG (DO NOT DISTURB),0.1.0,Price Sensitive,Sleeping Dog
C0116,P001,0.5631,0.153,0.4101,48.6,11.23,TARGET,0.1.0,Occasional,Persuadal
C0117,P001,0.5627,0.8268,-0.2641,-61.54,-38.29,SLEEPING DOG (DO NOT DISTURB),0.1.0,Occasional,Sleeping Dog
C0118,P001,0.416,0.647,-0.231,-51.33,-31.07,SLEEPING DOG (DO NOT DISTURB),0.1.0,High Value,Sleeping Dog
C0119,P001,0.7417,0.5317,0.21,10.07,-9.3,SKIP,0.1.0,Occasional,Persuadal
C0120,P001,0.5463,0.4921,0.0543,-8.99,-14.36,SKIP,0.1.0,Price Sensitive,Persuadal
C0121,P001,0.5477,0.3201,0.2276,19.29,-1.67,SKIP,0.1.0,Occasional,Persuadal
C0122,P001,0.4628,0.4885,-0.0256,-19.31,-17.51,SLEEPING DOG (DO NOT DISTURB),0.1.0,Occasional,Lost Cause
C0123,P001,0.5542,0.2393,0.3148,33.33,4.53,TARGET,0.1.0,Frequent Shopper,Persuadal
C0124,P001,0.5855,0.6074,-0.0219,-22.71,-21.24,SLEEPING DOG (DO NOT DISTURB),0.1.0,High Value,Sure Thing
C0125,P001,0.5423,0.6467,-0.1044,-34.78,-25.89,SLEEPING DOG (DO NOT DISTURB),0.1.0,Frequent Shopper,Sleeping Dog
C0126,P001,0.618,0.3569,0.2611,22.46,-1.51,SKIP,0.1.0,Frequent Shopper,Persuadal
C0127,P001,0.5534,0.2218,0.3315,36.08,5.78,TARGET,0.1.0,Occasional,Persuadal
C0128,P001,0.6879,0.4753,0.2126,12.26,-7.35,SKIP,0.1.0,Occasional,Persuadal
C0129,P001,0.5867,0.6026,-0.0158,-21.76,-20.83,SLEEPING DOG (DO NOT DISTURB),0.1.0,High Value,Sure Thing
C0130,P001,0.5472,0.175,0.3722,42.93,8.97,TARGET,0.1.0,Price Sensitive,Persuadal
C0131,P001,0.6298,0.2438,0.3859,42.47,7.28,TARGET,0.1.0,Frequent Shopper,Persuadal
C0132,P001,0.4639,0.4415,0.0224,-11.5,-14.01,SKIP,0.1.0,Frequent Shopper,Lost Cause
C0133,P001,0.7193,0.685,0.0343,-17.9,-21.48,SKIP,0.1.0,High Value,Sure Thing
C0134,P001,0.5694,0.4006,0.1688,8.97,-6.7,SKIP,0.1.0,Frequent Shopper,Persuadal
C0135,P001,0.6621,0.6533,0.0088,-20.19,-21.49,SKIP,0.1.0,Occasional,Sure Thing
C0136,P001,0.4949,0.5103,-0.0154,-18.68,-17.8,SLEEPING DOG (DO NOT DISTURB),0.1.0,Frequent Shopper,Sure Thing
C0137,P001,0.282,0.7396,-0.4576,-83.98,-43.34,SLEEPING DOG (DO NOT DISTURB),0.1.0,Price Sensitive,Sleeping Dog
C0138,P001,0.6812,0.615,0.0662,-11.45,-17.9,SKIP,0.1.0,Price Sensitive,Persuadal
C0139,P001,0.5741,0.546,0.0281,-14.17,-17.2,SKIP,0.1.0,Frequent Shopper,Sure Thing
C0140,P001,0.629,0.4263,0.2027,12.57,-6.15,SKIP,0.1.0,Occasional,Persuadal
C0141,P001,0.4451,0.3967,0.0484,-6.63,-11.48,SKIP,0.1.0,Occasional,Lost Cause
C0142,P001,0.4459,0.5978,-0.1519,-39.39,-26.23,SLEEPING DOG (DO NOT DISTURB),0.1.0,Frequent Shopper,Sleeping Dog
C0143,P001,0.4655,0.7206,-0.2552,-56.9,-34.46,SLEEPING DOG (DO NOT DISTURB),0.1.0,Frequent Shopper,Sleeping Dog
C0144,P001,0.6417,0.2422,0.3995,44.29,7.89,TARGET,0.1.0,Frequent Shopper,Persuadal
C0145,P001,0.608,0.2363,0.3718,40.87,6.95,TARGET,0.1.0,Frequent Shopper,Persuadal
C0146,P001,0.3275,0.382,-0.0545,-19.6,-15.2,SLEEPING DOG (DO NOT DISTURB),0.1.0,High Value,Sleeping Dog
C0147,P001,0.4622,0.5853,-0.1231,-35.21,-24.65,SLEEPING DOG (DO NOT DISTURB),0.1.0,Price Sensitive,Sleeping Dog
C0148,P001,0.3609,0.5354,-0.1745,-40.3,-25.11,SLEEPING DOG (DO NOT DISTURB),0.1.0,Price Sensitive,Sleeping Dog
C0149,P001,0.4588,0.5797,-0.1209,-34.74,-24.37,SLEEPING DOG (DO NOT DISTURB),0.1.0,High Value,Sleeping Dog
C0150,P001,0.5331,0.472,0.0612,-7.43,-13.43,SKIP,0.1.0,Frequent Shopper,Persuadal
C0151,P001,0.5503,0.5097,0.0406,-11.35,-15.5,SKIP,0.1.0,Occasional,Sure Thing
C0152,P001,0.6094,0.2733,0.3361,34.99,4.28,TARGET,0.1.0,Frequent Shopper,Persuadal
C0153,P001,0.5017,0.5507,-0.0489,-24.39,-20.49,SLEEPING DOG (DO NOT DISTURB),0.1.0,High Value,Sure Thing
C0154,P001,0.7033,0.5252,0.1781,6.12,-10.39,SKIP,0.1.0,Frequent Shopper,Persuadal
C0155,P001,0.5809,0.278,0.3028,30.5,2.77,TARGET,0.1.0,Occasional,Persuadal
C0156,P001,0.6355,0.3681,0.2674,22.92,-1.62,SKIP,0.1.0,Frequent Shopper,Persuadal
C0157,P001,0.5374,0.2884,0.249,23.12,0.24,TARGET,0.1.0,Price Sensitive,Persuadal
C0158,P001,0.5218,0.2646,0.2573,24.98,1.35,TARGET,0.1.0,Price Sensitive,Persuadal
C0159,P001,0.5304,0.4042,0.1262,3.28,-8.56,SKIP,0.1.0,Frequent Shopper,Persuadal
C0160,P001,0.4973,0.5354,-0.0381,-22.47,-19.55,SLEEPING DOG (DO NOT DISTURB),0.1.0,Price Sensitive,Sure Thing
C0161,P001,0.4823,0.294,0.1883,15.01,-2.42,SKIP,0.1.0,Frequent Shopper,Persuadal
C0162,P001,0.4437,0.2043,0.2394,24.61,2.59,TARGET,0.1.0,Price Sensitive,Persuadal
C0163,P001,0.5132,0.1923,0.3209,35.66,6.31,TARGET,0.1.0,Price Sensitive,Persuadal
C0164,P001,0.6541,0.3261,0.328,32.21,2.23,TARGET,0.1.0,Price Sensitive,Persuadal
C0165,P001,0.5534,0.4972,0.0562,-8.9,-14.45,SKIP,0.1.0,High Value,Persuadal
C0166,P001,0.3355,0.336,-0.0005,-11.05,-11.5,SLEEPING DOG (DO NOT DISTURB),0.1.0,Occasional,Lost Cause
C0167,P001,0.5582,0.8273,-0.2691,-62.2,-38.51,SLEEPING DOG (DO NOT DISTURB),0.1.0,Frequent Shopper,Sleeping Dog
C0168,P001,0.4106,0.2882,0.1224,6.59,-4.92,SKIP,0.1.0,High Value,Persuadal
C0169,P001,0.4934,0.5103,-0.0169,-18.89,-17.87,SLEEPING DOG (DO NOT DISTURB),0.1.0,High Value,Sure Thing
C0170,P001,0.4174,0.3727,0.0448,-6.32,-10.85,SKIP,0.1.0,Price Sensitive,Lost Cause
C0171,P001,0.5261,0.3021,0.224,19.4,-1.23,SKIP,0.1.0,Price Sensitive,Persuadal
C0172,P001,0.6132,0.5224,0.0908,-5.2,-13.86,SKIP,0.1.0,High Value,Persuadal
C0173,P001,0.6031,0.361,0.2421,19.84,-2.42,SKIP,0.1.0,Price Sensitive,Persuadal
C0174,P001,0.6266,0.23,0.3966,44.31,8.17,TARGET,0.1.0,Frequent Shopper,Persuadal
C0175,P001,0.6266,0.23,0.3966,44.31,8.17,TARGET,0.1.0,Price Sensitive,Persuadal
C0176,P001,0.7104,0.5953,0.1151,-4.41,-15.25,SKIP,0.1.0,High Value,Persuadal
C0177,P001,0.5044,0.4194,0.085,-2.59,-10.73,SKIP,0.1.0,Price Sensitive,Persuadal
C0178,P001,0.4515,0.3635,0.088,-0.37,-8.78,SKIP,0.1.0,Frequent Shopper,Persuadal
C0179,P001,0.6453,0.3448,0.3006,28.02,0.5,TARGET,0.1.0,Occasional,Persuadal
C0180,P001,0.5992,0.5312,0.068,-8.47,-15.08,SKIP,0.1.0,High Value,Persuadal
C0181,P001,0.6351,0.1335,0.5016,61.19,15.6,TARGET,0.1.0,Frequent Shopper,Persuadal
C0182,P001,0.471,0.5964,-0.1254,-35.87,-25.1,SLEEPING DOG (DO NOT DISTURB),0.1.0,High Value,Sleeping Dog
C0183,P001,0.2597,0.3101,-0.0504,-16.72,-12.69,SLEEPING DOG (DO NOT DISTURB),0.1.0,Occasional,Sleeping Dog
C0184,P001,0.494,0.5797,-0.0857,-30.14,-22.94,SLEEPING DOG (DO NOT DISTURB),0.1.0,Occasional,Sleeping Dog
C0185,P001,0.5304,0.4422,0.0882,-2.93,-11.35,SKIP,0.1.0,Frequent Shopper,Persuadal
C0186,P001,0.4329,0.2168,0.2161,21.16,1.23,TARGET,0.1.0,Price Sensitive,Persuadal
C0187,P001,0.6171,0.4498,0.1674,7.18,-8.36,SKIP,0.1.0,Occasional,Persuadal
C0188,P001,0.5899,0.2349,0.355,38.72,6.31,TARGET,0.1.0,Price Sensitive,Persuadal
C0189,P001,0.4242,0.4898,-0.0656,-24.58,-19.18,SLEEPING DOG (DO NOT DISTURB),0.1.0,Price Sensitive,Sleeping Dog
C0190,P001,0.6222,0.6259,-0.0036,-20.92,-21.1,SLEEPING DOG (DO NOT DISTURB),0.1.0,Frequent Shopper,Sure Thing
C0191,P001,0.5028,0.6002,-0.0974,-32.34,-24.09,SLEEPING DOG (DO NOT DISTURB),0.1.0,High Value,Sleeping Dog
C0192,P001,0.5156,0.6452,-0.1296,-38.02,-26.87,SLEEPING DOG (DO NOT DISTURB),0.1.0,Occasional,Sleeping Dog
C0193,P001,0.6079,0.1962,0.4117,47.4,9.89,TARGET,0.1.0,Occasional,Persuadal
C0194,P001,0.3118,0.6927,-0.3809,-72.42,-38.68,SLEEPING DOG (DO NOT DISTURB),0.1.0,Price Sensitive,Sleeping Dog
C0195,P001,0.6332,0.1723,0.4609,54.61,12.68,TARGET,0.1.0,Frequent Shopper,Persuadal
C0196,P001,0.3557,0.2142,0.1415,11.5,-1.72,SKIP,0.1.0,Frequent Shopper,Persuadal
C0197,P001,0.4668,0.5329,-0.0661,-26.05,-20.61,SLEEPING DOG (DO NOT DISTURB),0.1.0,Price Sensitive,Sleeping Dog
C0198,P001,0.5795,0.5296,0.0499,-10.78,-15.77,SKIP,0.1.0,Occasional,Sure Thing
C0199,P001,0.312,0.267,0.045,-2.85,-7.39,SKIP,0.1.0,Occasional,Lost Cause
C0200,P001,0.5855,0.3444,0.2411,20.25,-1.92,SKIP,0.1.0,Price Sensitive,Persuadal
C0201,P001,0.6392,0.6344,0.0047,-20.11,-21.04,SKIP,0.1.0,Price Sensitive,Sure Thing
C0202,P001,0.5311,0.5721,-0.0409,-24.04,-20.86,SLEEPING DOG (DO NOT DISTURB),0.1.0,High Value,Sure Thing
C0203,P001,0.4855,0.4181,0.0674,-4.85,-11.41,SKIP,0.1.0,High Value,Persuadal
C0204,P001,0.4377,0.267,0.1707,13.58,-2.26,SKIP,0.1.0,Occasional,Persuadal
C0205,P001,0.5976,0.484,0.1136,-0.96,-11.68,SKIP,0.1.0,Price Sensitive,Persuadal
C0206,P001,0.5501,0.6431,-0.093,-33.17,-25.31,SLEEPING DOG (DO NOT DISTURB),0.1.0,High Value,Sleeping Dog
C0207,P001,0.4303,0.3933,0.0371,-8.0,-11.84,SKIP,0.1.0,High Value,Lost Cause
C0208,P001,0.5978,0.7084,-0.1106,-37.6,-28.16,SLEEPING DOG (DO NOT DISTURB),0.1.0,Price Sensitive,Sleeping Dog
C0209,P001,0.4299,0.1723,0.2577,28.05,4.39,TARGET,0.1.0,High Value,Persuadal
C0210,P001,0.4702,0.6122,-0.142,-38.56,-26.3,SLEEPING DOG (DO NOT DISTURB),0.1.0,High Value,Sleeping Dog
C0211,P001,0.6811,0.5158,0.1652,4.74,-10.61,SKIP,0.1.0,Price Sensitive,Persuadal
C0212,P001,0.4624,0.3641,0.0983,0.94,-8.39,SKIP,0.1.0,Price Sensitive,Persuadal
C0213,P001,0.6912,0.5366,0.1546,2.67,-11.72,SKIP,0.1.0,Price Sensitive,Persuadal
C0214,P001,0.3353,0.5214,-0.1861,-41.36,-25.13,SLEEPING DOG (DO NOT DISTURB),0.1.0,Frequent Shopper,Sleeping Dog
C0215,P001,0.7743,0.3119,0.4624,50.24,8.18,TARGET,0.1.0,Price Sensitive,Persuadal
C0216,P001,0.4883,0.171,0.3173,35.89,6.86,TARGET,0.1.0,Frequent Shopper,Persuadal
C0217,P001,0.5475,0.3816,0.1658,9.2,-6.2,SKIP,0.1.0,Frequent Shopper,Persuadal
C0218,P001,0.5028,0.3405,0.1623,10.09,-5.0,SKIP,0.1.0,Price Sensitive,Persuadal
C0219,P001,0.5344,0.7476,-0.2132,-52.29,-33.63,SLEEPING DOG (DO NOT DISTURB),0.1.0,Price Sensitive,Sleeping Dog
C0220,P001,0.587,0.153,0.4339,51.72,12.21,TARGET,0.1.0,Occasional,Persuadal
C0221,P001,0.562,0.2379,0.3242,34.6,4.96,TARGET,0.1.0,Price Sensitive,Persuadal
C0222,P001,0.6407,0.4923,0.1484,3.31,-10.53,SKIP,0.1.0,Price Sensitive,Persuadal
C0223,P001,0.5959,0.5112,0.0846,-5.65,-13.75,SKIP,0.1.0,High Value,Persuadal
C0224,P001,0.6926,0.133,0.5596,68.79,17.99,TARGET,0.1.0,Frequent Shopper,Persuadal
C0225,P001,0.4885,0.2949,0.1937,15.68,-2.23,SKIP,0.1.0,Frequent Shopper,Persuadal
C0226,P001,0.4435,0.6271,-0.1836,-44.49,-28.48,SLEEPING DOG (DO NOT DISTURB),0.1.0,Frequent Shopper,Sleeping Dog
C0227,P001,0.5045,0.153,0.3515,40.94,8.84,TARGET,0.1.0,Occasional,Persuadal
C0228,P001,0.3655,0.1776,0.1879,18.76,1.37,TARGET,0.1.0,Frequent Shopper,Persuadal
C0229,P001,0.5022,0.5761,-0.0739,-28.49,-22.34,SLEEPING DOG (DO NOT DISTURB),0.1.0,Occasional,Sleeping Dog
C0230,P001,0.5044,0.4136,0.0908,-1.64,-10.31,SKIP,0.1.0,Price Sensitive,Persuadal
C0231,P001,0.5135,0.5903,-0.0768,-29.33,-22.92,SLEEPING DOG (DO NOT DISTURB),0.1.0,Price Sensitive,Sleeping Dog
C0232,P001,0.6145,0.3425,0.272,24.36,-0.59,SKIP,0.1.0,Price Sensitive,Persuadal
C0233,P001,0.665,0.2417,0.4233,47.42,8.87,TARGET,0.1.0,Price Sensitive,Persuadal
C0234,P001,0.4145,0.3548,0.0597,-3.79,-9.65,SKIP,0.1.0,Frequent Shopper,Persuadal
C0235,P001,0.548,0.6026,-0.0546,-26.82,-22.42,SLEEPING DOG (DO NOT DISTURB),0.1.0,High Value,Sleeping Dog
C0236,P001,0.5313,0.5306,0.0007,-17.24,-17.81,SKIP,0.1.0,Price Sensitive,Sure Thing
C0237,P001,0.3075,0.2985,0.009,-8.58,-9.89,SKIP,0.1.0,Frequent Shopper,Lost Cause
C0238,P001,0.6549,0.4317,0.2233,15.08,-5.49,SKIP,0.1.0,High Value,Persuadal
C0239,P001,0.6215,0.7116,-0.0901,-35.03,-27.43,SLEEPING DOG (DO NOT DISTURB),0.1.0,Price Sensitive,Sleeping Dog
C0240,P001,0.6518,0.2112,0.4406,50.69,10.58,TARGET,0.1.0,High Value,Persuadal
C0241,P001,0.579,0.5149,0.0641,-8.45,-14.71,SKIP,0.1.0,Occasional,Persuadal
C0242,P001,0.31,0.267,0.043,-3.1,-7.47,SKIP,0.1.0,Occasional,Lost Cause
C0243,P001,0.3617,0.519,-0.1573,-37.52,-23.88,SLEEPING DOG (DO NOT DISTURB),0.1.0,Occasional,Sleeping Dog
C0244,P001,0.4644,0.1934,0.2709,29.09,4.24,TARGET,0.1.0,Frequent Shopper,Persuadal
C0245,P001,0.6363,0.5778,0.0585,-11.24,-16.99,SKIP,0.1.0,High Value,Persuadal
C0246,P001,0.6965,0.461,0.2356,15.73,-5.95,SKIP,0.1.0,Occasional,Persuadal
C0247,P001,0.2927,0.1583,0.1344,12.39,-0.19,SKIP,0.1.0,Frequent Shopper,Persuadal
C0248,P001,0.2442,0.3967,-0.1525,-32.89,-19.68,SLEEPING DOG (DO NOT DISTURB),0.1.0,Occasional,Sleeping Dog
C0249,P001,0.3884,0.6531,-0.2646,-55.93,-32.64,SLEEPING DOG (DO NOT DISTURB),0.1.0,Occasional,Sleeping Dog
C0250,P001,0.587,0.153,0.4339,51.72,12.21,TARGET,0.1.0,Occasional,Persuadal
C0251,P001,0.3636,0.5205,-0.1569,-37.51,-23.91,SLEEPING DOG (DO NOT DISTURB),0.1.0,Frequent Shopper,Sleeping Dog
C0252,P001,0.4177,0.3885,0.0291,-8.89,-12.01,SKIP,0.1.0,Frequent Shopper,Lost Cause
C0253,P001,0.504,0.2859,0.2181,19.17,-0.94,SKIP,0.1.0,Occasional,Persuadal
C0254,P001,0.7081,0.2249,0.4832,55.81,11.87,TARGET,0.1.0,Frequent Shopper,Persuadal
C0255,P001,0.4027,0.5583,-0.1556,-38.57,-25.09,SLEEPING DOG (DO NOT DISTURB),0.1.0,High Value,Sleeping Dog
C0256,P001,0.3956,0.6683,-0.2728,-57.48,-33.47,SLEEPING DOG (DO NOT DISTURB),0.1.0,Price Sensitive,Sleeping Dog
C0257,P001,0.4313,0.4432,-0.012,-16.05,-15.47,SLEEPING DOG (DO NOT DISTURB),0.1.0,Occasional,Lost Cause
C0258,P001,0.6405,0.4492,0.1913,10.32,-7.37,SKIP,0.1.0,Price Sensitive,Persuadal
C0259,P001,0.7608,0.2948,0.4661,51.28,8.89,TARGET,0.1.0,Price Sensitive,Persuadal
C0260,P001,0.4266,0.573,-0.1463,-37.85,-25.19,SLEEPING DOG (DO NOT DISTURB),0.1.0,High Value,Sleeping Dog
C0261,P001,0.5689,0.7201,-0.1512,-43.28,-30.2,SLEEPING DOG (DO NOT DISTURB),0.1.0,Price Sensitive,Sleeping Dog
C0262,P001,0.4695,0.8562,-0.3867,-78.52,-44.26,SLEEPING DOG (DO NOT DISTURB),0.1.0,Occasional,Sleeping Dog
C0263,P001,0.4325,0.4625,-0.03,-19.03,-16.83,SLEEPING DOG (DO NOT DISTURB),0.1.0,High Value,Lost Cause
C0264,P001,0.5056,0.3705,0.135,5.54,-7.1,SKIP,0.1.0,Price Sensitive,Persuadal
C0265,P001,0.5249,0.2218,0.3031,32.36,4.62,TARGET,0.1.0,Occasional,Persuadal
C0266,P001,0.433,0.3154,0.1177,5.07,-6.0,SKIP,0.1.0,Price Sensitive,Persuadal
C0267,P001,0.6451,0.2012,0.4439,51.44,11.04,TARGET,0.1.0,Price Sensitive,Persuadal
C0268,P001,0.63,0.2237,0.4063,45.8,8.77,TARGET,0.1.0,Price Sensitive,Persuadal
C0269,P001,0.4966,0.3035,0.1931,15.31,-2.54,SKIP,0.1.0,Frequent Shopper,Persuadal
C0270,P001,0.5594,0.5808,-0.0214,-21.77,-20.35,SLEEPING DOG (DO NOT DISTURB),0.1.0,Frequent Shopper,Sure Thing
C0271,P001,0.4437,0.3967,0.047,-6.82,-11.54,SKIP,0.1.0,Occasional,Lost Cause
C0272,P001,0.4697,0.4164,0.0533,-6.64,-11.93,SKIP,0.1.0,Occasional,Persuadal
C0273,P001,0.4641,0.2407,0.2234,21.33,0.75,TARGET,0.1.0,Occasional,Persuadal
C0274,P001,0.5461,0.3201,0.226,19.07,-1.74,SKIP,0.1.0,Occasional,Persuadal
C0275,P001,0.5557,0.6992,-0.1436,-41.61,-29.21,SLEEPING DOG (DO NOT DISTURB),0.1.0,Price Sensitive,Sleeping Dog
C0276,P001,0.5492,0.4612,0.088,-3.57,-11.98,SKIP,0.1.0,Price Sensitive,Persuadal
C0277,P001,0.5351,0.6315,-0.0964,-33.23,-25.07,SLEEPING DOG (DO NOT DISTURB),0.1.0,Price Sensitive,Sleeping Dog
C0278,P001,0.5414,0.733,-0.1916,-48.98,-32.27,SLEEPING DOG (DO NOT DISTURB),0.1.0,Price Sensitive,Sleeping Dog
C0279,P001,0.6177,0.3371,0.2805,25.65,-0.07,SKIP,0.1.0,Price Sensitive,Persuadal
C0280,P001,0.563,0.5511,0.0118,-16.46,-18.02,SKIP,0.1.0,Price Sensitive,Sure Thing
C0281,P001,0.5649,0.3213,0.2436,21.34,-1.06,SKIP,0.1.0,Occasional,Persuadal
C0282,P001,0.6531,0.2746,0.3785,40.49,5.97,TARGET,0.1.0,Frequent Shopper,Persuadal
C0283,P001,0.6478,0.2231,0.4248,48.23,9.55,TARGET,0.1.0,Frequent Shopper,Persuadal
C0284,P001,0.6331,0.6026,0.0305,-15.7,-18.94,SKIP,0.1.0,High Value,Sure Thing
C0285,P001,0.662,0.5988,0.0632,-11.31,-17.49,SKIP,0.1.0,Price Sensitive,Persuadal
C0286,P001,0.5612,0.5459,0.0152,-15.85,-17.72,SKIP,0.1.0,High Value,Sure Thing
C0287,P001,0.4083,0.31,0.0983,2.72,-6.62,SKIP,0.1.0,Frequent Shopper,Persuadal
C0288,P001,0.4823,0.2839,0.1984,16.66,-1.68,SKIP,0.1.0,Price Sensitive,Persuadal
C0289,P001,0.4903,0.5938,-0.1035,-32.92,-24.12,SLEEPING DOG (DO NOT DISTURB),0.1.0,Frequent Shopper,Sleeping Dog
C0290,P001,0.595,0.6449,-0.05,-27.6,-23.61,SLEEPING DOG (DO NOT DISTURB),0.1.0,Price Sensitive,Sure Thing
C0291,P001,0.557,0.4347,0.1223,1.78,-9.71,SKIP,0.1.0,High Value,Persuadal
C0292,P001,0.6188,0.482,0.1368,2.13,-10.66,SKIP,0.1.0,High Value,Persuadal
C0293,P001,0.6384,0.2616,0.3769,40.71,6.33,TARGET,0.1.0,Occasional,Persuadal
C0294,P001,0.6448,0.423,0.2218,15.16,-5.27,SKIP,0.1.0,Frequent Shopper,Persuadal
C0295,P001,0.687,0.3022,0.3847,40.41,5.32,TARGET,0.1.0,High Value,Persuadal
C0296,P001,0.5273,0.2204,0.3069,32.91,4.82,TARGET,0.1.0,Price Sensitive,Persuadal
C0297,P001,0.5428,0.2534,0.2894,29.54,3.03,TARGET,0.1.0,Price Sensitive,Persuadal
C0298,P001,0.7895,0.2948,0.4947,55.03,10.06,TARGET,0.1.0,Frequent Shopper,Persuadal
C0299,P001,0.5465,0.3912,0.1553,7.52,-6.94,SKIP,0.1.0,Price Sensitive,Persuadal
C0300,P001,0.5291,0.7024,-0.1733,-45.6,-30.52,SLEEPING DOG (DO NOT DISTURB),0.1.0,High Value,Sleeping Dog
C0301,P001,0.4807,0.6254,-0.1447,-39.34,-26.84,SLEEPING DOG (DO NOT DISTURB),0.1.0,High Value,Sleeping Dog
C0302,P001,0.4428,0.4614,-0.0187,-17.51,-16.34,SLEEPING DOG (DO NOT DISTURB),0.1.0,Price Sensitive,Lost Cause
C0303,P001,0.5243,0.51,0.0143,-14.8,-16.58,SKIP,0.1.0,Price Sensitive,Sure Thing
C0304,P001,0.631,0.4435,0.1875,10.01,-7.34,SKIP,0.1.0,Price Sensitive,Persuadal
C0305,P001,0.4557,0.4373,0.0185,-11.88,-14.03,SKIP,0.1.0,Price Sensitive,Lost Cause
C0306,P001,0.3833,0.267,0.1163,6.48,-4.48,SKIP,0.1.0,Occasional,Persuadal
C0307,P001,0.5491,0.2643,0.2849,28.59,2.49,TARGET,0.1.0,Price Sensitive,Persuadal
C0308,P001,0.5733,0.3003,0.273,25.87,0.83,TARGET,0.1.0,Frequent Shopper,Persuadal
C0309,P001,0.6436,0.3106,0.333,33.37,2.94,TARGET,0.1.0,Price Sensitive,Persuadal
C0310,P001,0.3154,0.4793,-0.1639,-37.08,-22.85,SLEEPING DOG (DO NOT DISTURB),0.1.0,Frequent Shopper,Sleeping Dog
C0311,P001,0.4574,0.3996,0.0578,-5.5,-11.2,SKIP,0.1.0,Frequent Shopper,Persuadal
C0312,P001,0.4732,0.573,-0.0998,-31.76,-23.29,SLEEPING DOG (DO NOT DISTURB),0.1.0,High Value,Sleeping Dog
C0313,P001,0.6877,0.496,0.1918,8.86,-8.88,SKIP,0.1.0,High Value,Persuadal
C0314,P001,0.3303,0.3401,-0.0097,-12.39,-12.01,SLEEPING DOG (DO NOT DISTURB),0.1.0,Occasional,Lost Cause
C0315,P001,0.2928,0.336,-0.0433,-16.63,-13.24,SLEEPING DOG (DO NOT DISTURB),0.1.0,Occasional,Lost Cause
C0316,P001,0.5555,0.7081,-0.1525,-43.07,-29.86,SLEEPING DOG (DO NOT DISTURB),0.1.0,Price Sensitive,Sleeping Dog
C0317,P001,0.6511,0.5706,0.0805,-8.13,-15.86,SKIP,0.1.0,Frequent Shopper,Persuadal
C0318,P001,0.4242,0.6629,-0.2387,-52.85,-31.9,SLEEPING DOG (DO NOT DISTURB),0.1.0,High Value,Sleeping Dog
C0319,P001,0.6212,0.6136,0.0077,-19.05,-20.24,SKIP,0.1.0,High Value,Sure Thing
C0320,P001,0.4176,0.1477,0.2699,30.44,5.69,TARGET,0.1.0,Frequent Shopper,Persuadal
C0321,P001,0.5759,0.5755,0.0004,-18.76,-19.29,SKIP,0.1.0,Price Sensitive,Sure Thing
C0322,P001,0.4823,0.6003,-0.118,-35.04,-24.93,SLEEPING DOG (DO NOT DISTURB),0.1.0,Price Sensitive,Sleeping Dog
C0323,P001,0.3339,0.4279,-0.094,-26.27,-18.32,SLEEPING DOG (DO NOT DISTURB),0.1.0,Price Sensitive,Sleeping Dog
C0324,P001,0.4954,0.4369,0.0585,-6.63,-12.39,SKIP,0.1.0,Frequent Shopper,Persuadal
C0325,P001,0.4591,0.509,-0.0498,-23.14,-19.16,SLEEPING DOG (DO NOT DISTURB),0.1.0,Occasional,Sure Thing
C0326,P001,0.5115,0.3151,0.1964,15.38,-2.78,SKIP,0.1.0,Price Sensitive,Persuadal
C0327,P001,0.6172,0.3482,0.269,23.77,-0.9,SKIP,0.1.0,Price Sensitive,Persuadal
C0328,P001,0.563,0.6315,-0.0685,-29.59,-23.93,SLEEPING DOG (DO NOT DISTURB),0.1.0,Price Sensitive,Sleeping Dog
C0329,P001,0.5305,0.5429,-0.0124,-19.36,-18.74,SLEEPING DOG (DO NOT DISTURB),0.1.0,Frequent Shopper,Sure Thing
C0330,P001,0.6688,0.5139,0.1549,3.45,-10.97,SKIP,0.1.0,Frequent Shopper,Persuadal
C0331,P001,0.6081,0.2992,0.3089,30.59,2.33,TARGET,0.1.0,Frequent Shopper,Persuadal
C0332,P001,0.57,0.6437,-0.0737,-30.66,-24.54,SLEEPING DOG (DO NOT DISTURB),0.1.0,Price Sensitive,Sleeping Dog
C0333,P001,0.6548,0.4387,0.2161,13.91,-6.02,SKIP,0.1.0,High Value,Persuadal
C0334,P001,0.4005,0.3888,0.0118,-11.17,-12.72,SKIP,0.1.0,High Value,Lost Cause
C0335,P001,0.3883,0.5155,-0.1272,-33.47,-22.54,SLEEPING DOG (DO NOT DISTURB),0.1.0,High Value,Sleeping Dog
C0336,P001,0.3318,0.2882,0.0436,-3.71,-8.14,SKIP,0.1.0,High Value,Lost Cause
C0337,P001,0.7532,0.365,0.3882,38.81,3.42,TARGET,0.1.0,Occasional,Persuadal
C0338,P001,0.5034,0.2327,0.2707,27.77,2.94,TARGET,0.1.0,Price Sensitive,Persuadal
C0339,P001,0.3475,0.49,-0.1424,-34.62,-22.32,SLEEPING DOG (DO NOT DISTURB),0.1.0,Frequent Shopper,Sleeping Dog
C0340,P001,0.3996,0.5155,-0.1159,-31.99,-22.07,SLEEPING DOG (DO NOT DISTURB),0.1.0,High Value,Sleeping Dog
C0341,P001,0.6029,0.5216,0.0813,-6.41,-14.22,SKIP,0.1.0,Frequent Shopper,Persuadal
C0342,P001,0.5223,0.2866,0.2357,21.45,-0.24,SKIP,0.1.0,Frequent Shopper,Persuadal
C0343,P001,0.452,0.4245,0.0274,-10.29,-13.25,SKIP,0.1.0,High Value,Lost Cause
C0344,P001,0.6503,0.4435,0.2068,12.53,-6.56,SKIP,0.1.0,Frequent Shopper,Persuadal
C0345,P001,0.5572,0.5593,-0.0021,-18.54,-18.86,SLEEPING DOG (DO NOT DISTURB),0.1.0,Frequent Shopper,Sure Thing
C0346,P001,0.3933,0.3255,0.0677,-1.79,-8.37,SKIP,0.1.0,Price Sensitive,Persuadal
C0347,P001,0.5002,0.244,0.2562,25.5,1.98,TARGET,0.1.0,Price Sensitive,Persuadal
C0348,P001,0.4219,0.5201,-0.0982,-29.82,-21.5,SLEEPING DOG (DO NOT DISTURB),0.1.0,High Value,Sleeping Dog
C0349,P001,0.3713,0.212,0.1593,13.89,-0.93,SKIP,0.1.0,Frequent Shopper,Persuadal
C0350,P001,0.5622,0.3654,0.1969,13.79,-4.4,SKIP,0.1.0,Price Sensitive,Persuadal
C0351,P001,0.5466,0.3687,0.1779,11.21,-5.29,SKIP,0.1.0,Price Sensitive,Persuadal
C0352,P001,0.634,0.415,0.219,15.07,-5.12,SKIP,0.1.0,Occasional,Persuadal
C0353,P001,0.548,0.6127,-0.0647,-28.47,-23.16,SLEEPING DOG (DO NOT DISTURB),0.1.0,Price Sensitive,Sleeping Dog
C0354,P001,0.6625,0.2232,0.4393,50.12,10.13,TARGET,0.1.0,High Value,Persuadal
C0355,P001,0.4917,0.482,0.0097,-14.48,-15.85,SKIP,0.1.0,High Value,Lost Cause
C0356,P001,0.6601,0.5379,0.1222,-1.61,-13.09,SKIP,0.1.0,Price Sensitive,Persuadal
C0357,P001,0.5751,0.5701,0.005,-17.98,-18.93,SKIP,0.1.0,High Value,Sure Thing
C0358,P001,0.6319,0.484,0.148,3.53,-10.27,SKIP,0.1.0,Price Sensitive,Persuadal
C0359,P001,0.4907,0.153,0.3376,39.13,8.28,TARGET,0.1.0,Occasional,Persuadal
C0360,P001,0.4966,0.7218,-0.2252,-53.02,-33.27,SLEEPING DOG (DO NOT DISTURB),0.1.0,Price Sensitive,Sleeping Dog
C0361,P001,0.6618,0.2888,0.373,39.31,5.29,TARGET,0.1.0,Frequent Shopper,Persuadal
C0362,P001,0.7049,0.4132,0.2917,24.63,-2.1,SKIP,0.1.0,Price Sensitive,Persuadal
C0363,P001,0.5184,0.5252,-0.0068,-18.05,-17.94,SLEEPING DOG (DO NOT DISTURB),0.1.0,Frequent Shopper,Sure Thing
C0364,P001,0.5696,0.3464,0.2232,17.85,-2.71,SKIP,0.1.0,Price Sensitive,Persuadal
C0365,P001,0.5673,0.3126,0.2546,23.06,-0.32,SKIP,0.1.0,Occasional,Persuadal
C0366,P001,0.3199,0.3173,0.0026,-10.03,-10.76,SKIP,0.1.0,Frequent Shopper,Lost Cause
C0367,P001,0.3837,0.267,0.1167,6.53,-4.46,SKIP,0.1.0,Occasional,Persuadal
C0368,P001,0.4391,0.153,0.2861,32.39,6.17,TARGET,0.1.0,Occasional,Persuadal
C0369,P001,0.4702,0.6231,-0.1529,-40.34,-27.1,SLEEPING DOG (DO NOT DISTURB),0.1.0,High Value,Sleeping Dog
C0370,P001,0.4732,0.6002,-0.127,-36.2,-25.29,SLEEPING DOG (DO NOT DISTURB),0.1.0,High Value,Sleeping Dog
C0371,P001,0.5206,0.4392,0.0814,-3.72,-11.53,SKIP,0.1.0,High Value,Persuadal
C0372,P001,0.5311,0.6861,-0.155,-42.67,-29.24,SLEEPING DOG (DO NOT DISTURB),0.1.0,High Value,Sleeping Dog
C0373,P001,0.5223,0.2038,0.3185,34.96,5.84,TARGET,0.1.0,High Value,Persuadal
C0374,P001,0.6754,0.8303,-0.1549,-47.37,-33.95,SLEEPING DOG (DO NOT DISTURB),0.1.0,Price Sensitive,Sleeping Dog
C0375,P001,0.5924,0.5891,0.0033,-18.81,-19.61,SKIP,0.1.0,High Value,Sure Thing
C0376,P001,0.5473,0.5829,-0.0355,-23.69,-20.99,SLEEPING DOG (DO NOT DISTURB),0.1.0,Frequent Shopper,Sure Thing
C0377,P001,0.5282,0.5986,-0.0704,-28.76,-22.93,SLEEPING DOG (DO NOT DISTURB),0.1.0,Occasional,Sleeping Dog
C0378,P001,0.6585,0.482,0.1765,7.32,-9.04,SKIP,0.1.0,High Value,Persuadal
C0379,P001,0.74,0.4498,0.2902,23.23,-3.35,SKIP,0.1.0,Occasional,Persuadal
C0380,P001,0.3614,0.605,-0.2436,-51.6,-30.21,SLEEPING DOG (DO NOT DISTURB),0.1.0,Frequent Shopper,Sleeping Dog
C0381,P001,0.6832,0.573,0.1103,-4.31,-14.72,SKIP,0.1.0,High Value,Persuadal
C0382,P001,0.5788,0.6566,-0.0778,-31.62,-25.13,SLEEPING DOG (DO NOT DISTURB),0.1.0,Price Sensitive,Sleeping Dog
C0383,P001,0.4667,0.3456,0.1211,4.53,-6.85,SKIP,0.1.0,Price Sensitive,Persuadal
C0384,P001,0.6211,0.4536,0.1675,7.07,-8.49,SKIP,0.1.0,Occasional,Persuadal
C0385,P001,0.2521,0.5038,-0.2517,-49.35,-27.23,SLEEPING DOG (DO NOT DISTURB),0.1.0,Price Sensitive,Sleeping Dog
C0386,P001,0.3774,0.267,0.1104,5.7,-4.72,SKIP,0.1.0,Occasional,Persuadal
C0387,P001,0.6084,0.3053,0.3031,29.63,1.89,TARGET,0.1.0,Frequent Shopper,Persuadal
C0388,P001,0.6435,0.2983,0.3452,35.37,3.84,TARGET,0.1.0,High Value,Persuadal
C0389,P001,0.562,0.4137,0.1484,5.87,-7.96,SKIP,0.1.0,Price Sensitive,Persuadal
C0390,P001,0.368,0.267,0.101,4.48,-5.1,SKIP,0.1.0,Occasional,Persuadal
C0391,P001,0.5885,0.3872,0.2014,13.67,-4.93,SKIP,0.1.0,Occasional,Persuadal
C0392,P001,0.5169,0.2356,0.2813,29.06,3.28,TARGET,0.1.0,Frequent Shopper,Persuadal
C0393,P001,0.5687,0.5264,0.0423,-11.67,-15.97,SKIP,0.1.0,Frequent Shopper,Sure Thing
C0394,P001,0.5901,0.6927,-0.1026,-36.04,-27.32,SLEEPING DOG (DO NOT DISTURB),0.1.0,Price Sensitive,Sleeping Dog
C0395,P001,0.3943,0.3824,0.012,-10.93,-12.51,SKIP,0.1.0,Frequent Shopper,Lost Cause
C0396,P001,0.3097,0.3265,-0.0169,-12.87,-11.86,SLEEPING DOG (DO NOT DISTURB),0.1.0,Occasional,Lost Cause
C0397,P001,0.5435,0.4332,0.1103,0.26,-10.15,SKIP,0.1.0,Occasional,Persuadal
C0398,P001,0.6037,0.2336,0.3701,40.74,6.97,TARGET,0.1.0,Frequent Shopper,Persuadal
C0399,P001,0.515,0.4799,0.0351,-11.09,-14.75,SKIP,0.1.0,Price Sensitive,Lost Cause
C0400,P001,0.5444,0.2513,0.2931,30.09,3.25,TARGET,0.1.0,Price Sensitive,Persuadal
C0401,P001,0.6403,0.482,0.1583,4.95,-9.79,SKIP,0.1.0,High Value,Persuadal
C0402,P001,0.5882,0.4756,0.1126,-0.82,-11.44,SKIP,0.1.0,Occasional,Persuadal
C0403,P001,0.5892,0.6259,-0.0367,-25.24,-22.45,SLEEPING DOG (DO NOT DISTURB),0.1.0,Price Sensitive,Sure Thing
C0404,P001,0.6327,0.4655,0.1672,6.64,-8.89,SKIP,0.1.0,Occasional,Persuadal
C0405,P001,0.5369,0.7386,-0.2017,-50.5,-32.87,SLEEPING DOG (DO NOT DISTURB),0.1.0,Frequent Shopper,Sleeping Dog
C0406,P001,0.5156,0.4513,0.0643,-6.35,-12.62,SKIP,0.1.0,Occasional,Persuadal
C0407,P001,0.5548,0.3115,0.2433,21.62,-0.75,SKIP,0.1.0,Frequent Shopper,Persuadal
C0408,P001,0.3541,0.5559,-0.2017,-44.53,-26.9,SLEEPING DOG (DO NOT DISTURB),0.1.0,High Value,Sleeping Dog
C0409,P001,0.4442,0.3921,0.0521,-6.0,-11.19,SKIP,0.1.0,Occasional,Persuadal
C0410,P001,0.6442,0.5867,0.0576,-11.64,-17.32,SKIP,0.1.0,High Value,Persuadal
C0411,P001,0.6191,0.4204,0.1987,12.24,-6.13,SKIP,0.1.0,Frequent Shopper,Persuadal
C0412,P001,0.6278,0.547,0.0807,-7.32,-15.08,SKIP,0.1.0,Occasional,Persuadal
C0413,P001,0.6433,0.6316,0.0116,-19.12,-20.66,SKIP,0.1.0,Occasional,Sure Thing
C0414,P001,0.5566,0.2848,0.2718,26.22,1.29,TARGET,0.1.0,Price Sensitive,Persuadal
C0415,P001,0.5938,0.5394,0.0544,-10.52,-15.91,SKIP,0.1.0,Price Sensitive,Persuadal
C0416,P001,0.585,0.4279,0.1571,6.55,-8.07,SKIP,0.1.0,Frequent Shopper,Persuadal
C0417,P001,0.6248,0.3126,0.3122,30.6,2.03,TARGET,0.1.0,Frequent Shopper,Persuadal
C0418,P001,0.5481,0.2728,0.2753,27.07,1.82,TARGET,0.1.0,Frequent Shopper,Persuadal
C0419,P001,0.5642,0.5496,0.0146,-16.05,-17.86,SKIP,0.1.0,Price Sensitive,Sure Thing
C0420,P001,0.5406,0.5847,-0.0442,-24.88,-21.41,SLEEPING DOG (DO NOT DISTURB),0.1.0,Price Sensitive,Sure Thing
C0421,P001,0.6982,0.3966,0.3016,26.46,-1.15,SKIP,0.1.0,Price Sensitive,Persuadal
C0422,P001,0.6812,0.8223,-0.1411,-45.31,-33.12,SLEEPING DOG (DO NOT DISTURB),0.1.0,Price Sensitive,Sleeping Dog
C0423,P001,0.6898,0.5867,0.1031,-5.69,-15.46,SKIP,0.1.0,High Value,Persuadal
C0424,P001,0.5036,0.3056,0.1979,15.89,-2.41,SKIP,0.1.0,Frequent Shopper,Persuadal
C0425,P001,0.5087,0.5332,-0.0245,-20.63,-18.92,SLEEPING DOG (DO NOT DISTURB),0.1.0,High Value,Sure Thing
C0426,P001,0.6658,0.5988,0.067,-10.81,-17.33,SKIP,0.1.0,Price Sensitive,Persuadal
C0427,P001,0.3424,0.2649,0.0776,1.48,-5.99,SKIP,0.1.0,Frequent Shopper,Persuadal
C0428,P001,0.4177,0.4021,0.0155,-11.11,-13.01,SKIP,0.1.0,Occasional,Lost Cause
C0429,P001,0.7081,0.3482,0.3599,35.65,2.81,TARGET,0.1.0,Frequent Shopper,Persuadal
C0430,P001,0.4922,0.417,0.0752,-3.79,-11.05,SKIP,0.1.0,High Value,Persuadal
C0431,P001,0.4877,0.6324,-0.1447,-39.57,-27.07,SLEEPING DOG (DO NOT DISTURB),0.1.0,High Value,Sleeping Dog
C0432,P001,0.5371,0.4574,0.0797,-4.53,-12.19,SKIP,0.1.0,Price Sensitive,Persuadal
C0433,P001,0.5696,0.5017,0.0679,-7.52,-14.12,SKIP,0.1.0,Price Sensitive,Persuadal
C0434,P001,0.5896,0.7208,-0.1312,-40.7,-29.41,SLEEPING DOG (DO NOT DISTURB),0.1.0,High Value,Sleeping Dog
C0435,P001,0.6987,0.6098,0.0889,-8.3,-16.8,SKIP,0.1.0,High Value,Persuadal
C0436,P001,0.623,0.2486,0.3744,40.81,6.66,TARGET,0.1.0,Price Sensitive,Persuadal
C0437,P001,0.476,0.5797,-0.1036,-32.48,-23.67,SLEEPING DOG (DO NOT DISTURB),0.1.0,High Value,Sleeping Dog
C0438,P001,0.3161,0.4011,-0.085,-24.21,-17.07,SLEEPING DOG (DO NOT DISTURB),0.1.0,Occasional,Sleeping Dog
C0439,P001,0.5855,0.6294,-0.0439,-26.31,-22.86,SLEEPING DOG (DO NOT DISTURB),0.1.0,Price Sensitive,Sure Thing
C0440,P001,0.4451,0.6571,-0.212,-49.18,-30.62,SLEEPING DOG (DO NOT DISTURB),0.1.0,High Value,Sleeping Dog
C0441,P001,0.5137,0.5891,-0.0754,-29.1,-22.82,SLEEPING DOG (DO NOT DISTURB),0.1.0,High Value,Sleeping Dog
C0442,P001,0.6307,0.825,-0.1943,-52.35,-35.38,SLEEPING DOG (DO NOT DISTURB),0.1.0,Occasional,Sleeping Dog
C0443,P001,0.5471,0.2578,0.2893,29.38,2.88,TARGET,0.1.0,Frequent Shopper,Persuadal
C0444,P001,0.401,0.2985,0.1024,3.63,-6.07,SKIP,0.1.0,Frequent Shopper,Persuadal
C0445,P001,0.4493,0.281,0.1683,12.81,-2.82,SKIP,0.1.0,Occasional,Persuadal
C0446,P001,0.4421,0.3126,0.1295,6.71,-5.43,SKIP,0.1.0,Occasional,Persuadal
C0447,P001,0.2653,0.336,-0.0707,-20.21,-14.36,SLEEPING DOG (DO NOT DISTURB),0.1.0,Occasional,Sleeping Dog
C0448,P001,0.4318,0.5152,-0.0834,-27.74,-20.74,SLEEPING DOG (DO NOT DISTURB),0.1.0,Price Sensitive,Sleeping Dog
C0449,P001,0.3357,0.3594,-0.0237,-14.85,-13.21,SLEEPING DOG (DO NOT DISTURB),0.1.0,Frequent Shopper,Lost Cause
C0450,P001,0.4074,0.6783,-0.2709,-57.57,-33.72,SLEEPING DOG (DO NOT DISTURB),0.1.0,High Value,Sleeping Dog
C0451,P001,0.5975,0.2486,0.3489,37.48,5.62,TARGET,0.1.0,Price Sensitive,Persuadal
C0452,P001,0.5266,0.2796,0.247,23.15,0.45,TARGET,0.1.0,Price Sensitive,Persuadal
C0453,P001,0.4816,0.5493,-0.0677,-26.79,-21.21,SLEEPING DOG (DO NOT DISTURB),0.1.0,Frequent Shopper,Sleeping Dog
C0454,P001,0.4341,0.4627,-0.0286,-18.86,-16.79,SLEEPING DOG (DO NOT DISTURB),0.1.0,Occasional,Lost Cause
C0455,P001,0.5438,0.5266,0.0172,-14.95,-17.0,SKIP,0.1.0,High Value,Sure Thing
C0456,P001,0.4842,0.1649,0.3193,36.34,7.14,TARGET,0.1.0,Frequent Shopper,Persuadal
C0457,P001,0.4685,0.5964,-0.1279,-36.21,-25.21,SLEEPING DOG (DO NOT DISTURB),0.1.0,High Value,Sleeping Dog
C0458,P001,0.4903,0.3654,0.1249,4.38,-7.34,SKIP,0.1.0,Frequent Shopper,Persuadal
C0459,P001,0.3447,0.2882,0.0565,-2.03,-7.61,SKIP,0.1.0,High Value,Persuadal
C0460,P001,0.6183,0.6002,0.0181,-17.24,-19.37,SKIP,0.1.0,High Value,Sure Thing
C0461,P001,0.4266,0.482,-0.0553,-22.98,-18.5,SLEEPING DOG (DO NOT DISTURB),0.1.0,High Value,Sleeping Dog
C0462,P001,0.4421,0.6259,-0.1838,-44.47,-28.45,SLEEPING DOG (DO NOT DISTURB),0.1.0,Price Sensitive,Sleeping Dog
C0463,P001,0.5679,0.2524,0.3155,32.98,4.13,TARGET,0.1.0,Price Sensitive,Persuadal
C0464,P001,0.6395,0.5349,0.1045,-3.82,-13.71,SKIP,0.1.0,Price Sensitive,Persuadal
C0465,P001,0.3453,0.4627,-0.1175,-30.47,-20.41,SLEEPING DOG (DO NOT DISTURB),0.1.0,Occasional,Sleeping Dog
C0466,P001,0.5296,0.5539,-0.0243,-21.28,-19.59,SLEEPING DOG (DO NOT DISTURB),0.1.0,Frequent Shopper,Sure Thing
C0467,P001,0.5876,0.3898,0.1978,13.12,-5.16,SKIP,0.1.0,Frequent Shopper,Persuadal
C0468,P001,0.2565,0.336,-0.0796,-21.38,-14.72,SLEEPING DOG (DO NOT DISTURB),0.1.0,Occasional,Sleeping Dog
C0469,P001,0.4062,0.4972,-0.091,-28.14,-20.46,SLEEPING DOG (DO NOT DISTURB),0.1.0,Frequent Shopper,Sleeping Dog
C0470,P001,0.3986,0.2616,0.1371,9.37,-3.45,SKIP,0.1.0,Occasional,Persuadal
C0471,P001,0.6585,0.5891,0.0695,-10.17,-16.91,SKIP,0.1.0,High Value,Persuadal
C0472,P001,0.31,0.267,0.043,-3.1,-7.47,SKIP,0.1.0,Occasional,Lost Cause
C0473,P001,0.5149,0.2659,0.249,23.85,0.97,TARGET,0.1.0,High Value,Persuadal
C0474,P001,0.4368,0.1962,0.2406,25.04,2.91,TARGET,0.1.0,Occasional,Persuadal
C0475,P001,0.6812,0.3848,0.2964,26.16,-0.98,SKIP,0.1.0,Price Sensitive,Persuadal
C0476,P001,0.5251,0.3538,0.1712,10.82,-5.07,SKIP,0.1.0,Occasional,Persuadal
C0477,P001,0.4485,0.599,-0.1505,-39.24,-26.21,SLEEPING DOG (DO NOT DISTURB),0.1.0,High Value,Sleeping Dog
C0478,P001,0.508,0.2491,0.259,25.71,1.93,TARGET,0.1.0,Price Sensitive,Persuadal
C0479,P001,0.3244,0.153,0.1714,17.4,1.49,TARGET,0.1.0,Occasional,Persuadal
C0480,P001,0.4646,0.6294,-0.1648,-42.11,-27.79,SLEEPING DOG (DO NOT DISTURB),0.1.0,Price Sensitive,Sleeping Dog
C0481,P001,0.5393,0.8373,-0.298,-66.3,-40.02,SLEEPING DOG (DO NOT DISTURB),0.1.0,Price Sensitive,Sleeping Dog
C0482,P001,0.5389,0.3021,0.2368,21.08,-0.71,SKIP,0.1.0,Price Sensitive,Persuadal
C0483,P001,0.5304,0.7583,-0.2279,-54.56,-34.57,SLEEPING DOG (DO NOT DISTURB),0.1.0,Frequent Shopper,Sleeping Dog
C0484,P001,0.5689,0.7073,-0.1384,-41.21,-29.26,SLEEPING DOG (DO NOT DISTURB),0.1.0,Price Sensitive,Sleeping Dog
C0485,P001,0.6647,0.3482,0.3164,29.98,1.03,TARGET,0.1.0,Price Sensitive,Persuadal
C0486,P001,0.3107,0.2126,0.0981,5.87,-3.44,SKIP,0.1.0,Occasional,Persuadal
C0487,P001,0.5028,0.5891,-0.0863,-30.52,-23.27,SLEEPING DOG (DO NOT DISTURB),0.1.0,High Value,Sleeping Dog
C0488,P001,0.6303,0.7166,-0.0863,-34.7,-27.44,SLEEPING DOG (DO NOT DISTURB),0.1.0,Frequent Shopper,Sleeping Dog
C0489,P001,0.491,0.153,0.338,39.17,8.29,TARGET,0.1.0,Occasional,Persuadal
C0490,P001,0.3366,0.267,0.0695,0.36,-6.39,SKIP,0.1.0,Occasional,Persuadal
C0491,P001,0.6572,0.4492,0.2079,12.5,-6.69,SKIP,0.1.0,Frequent Shopper,Persuadal
C0492,P001,0.4666,0.3214,0.1452,8.48,-5.08,SKIP,0.1.0,Price Sensitive,Persuadal
C0493,P001,0.4697,0.487,-0.0173,-18.17,-17.12,SLEEPING DOG (DO NOT DISTURB),0.1.0,Frequent Shopper,Lost Cause
C0494,P001,0.5083,0.4383,0.07,-5.17,-11.97,SKIP,0.1.0,High Value,Persuadal
C0495,P001,0.5245,0.4134,0.1111,1.01,-9.48,SKIP,0.1.0,Frequent Shopper,Persuadal
C0496,P001,0.2582,0.2599,-0.0017,-8.72,-9.06,SLEEPING DOG (DO NOT DISTURB),0.1.0,Frequent Shopper,Lost Cause
C0497,P001,0.5415,0.402,0.1395,5.09,-7.94,SKIP,0.1.0,Price Sensitive,Persuadal
C0498,P001,0.4611,0.579,-0.1179,-34.33,-24.23,SLEEPING DOG (DO NOT DISTURB),0.1.0,High Value,Sleeping Dog
C0499,P001,0.6101,0.365,0.2451,20.1,-2.43,SKIP,0.1.0,Occasional,Persuadal
C0500,P001,0.5985,0.4903,0.1082,-1.88,-12.11,SKIP,0.1.0,Occasional,Persuadal
C0501,P001,0.7094,0.2665,0.4428,49.17,8.86,TARGET,0.1.0,Price Sensitive,Persuadal
C0502,P001,0.6639,0.615,0.0489,-13.71,-18.6,SKIP,0.1.0,Price Sensitive,Sure Thing
C0503,P001,0.6029,0.3636,0.2393,19.4,-2.61,SKIP,0.1.0,Frequent Shopper,Persuadal
C0504,P001,0.4783,0.1962,0.2821,30.46,4.6,TARGET,0.1.0,Occasional,Persuadal
C0505,P001,0.6938,0.3151,0.3787,39.2,4.66,TARGET,0.1.0,Price Sensitive,Persuadal
C0506,P001,0.548,0.5444,0.0036,-17.32,-18.14,SKIP,0.1.0,High Value,Sure Thing
C0507,P001,0.6786,0.336,0.3426,33.8,2.5,TARGET,0.1.0,Occasional,Persuadal
C0508,P001,0.6635,0.1962,0.4674,54.67,12.16,TARGET,0.1.0,Occasional,Persuadal
C0509,P001,0.5858,0.1962,0.3896,44.51,8.99,TARGET,0.1.0,Occasional,Persuadal
C0510,P001,0.6626,0.3072,0.3554,36.41,3.97,TARGET,0.1.0,Price Sensitive,Persuadal
C0511,P001,0.3405,0.8068,-0.4663,-87.3,-45.89,SLEEPING DOG (DO NOT DISTURB),0.1.0,Price Sensitive,Sleeping Dog
C0512,P001,0.5237,0.5252,-0.0015,-17.35,-17.72,SLEEPING DOG (DO NOT DISTURB),0.1.0,Frequent Shopper,Sure Thing
C0513,P001,0.4839,0.1788,0.3051,34.04,6.11,TARGET,0.1.0,Occasional,Persuadal
C0514,P001,0.6053,0.4334,0.1719,8.3,-7.65,SKIP,0.1.0,Occasional,Persuadal
C0515,P001,0.3499,0.6045,-0.2546,-53.03,-30.64,SLEEPING DOG (DO NOT DISTURB),0.1.0,High Value,Sleeping Dog
C0516,P001,0.4825,0.4475,0.035,-10.04,-13.69,SKIP,0.1.0,High Value,Lost Cause
C0517,P001,0.7233,0.1454,0.5779,70.78,18.33,TARGET,0.1.0,Frequent Shopper,Persuadal
C0518,P001,0.5828,0.6799,-0.0971,-34.91,-26.68,SLEEPING DOG (DO NOT DISTURB),0.1.0,Occasional,Sleeping Dog
C0519,P001,0.2737,0.3101,-0.0364,-14.89,-12.12,SLEEPING DOG (DO NOT DISTURB),0.1.0,Occasional,Lost Cause
C0520,P001,0.4318,0.3947,0.0371,-8.05,-11.88,SKIP,0.1.0,High Value,Lost Cause
C0521,P001,0.6902,0.3669,0.3233,30.26,0.7,TARGET,0.1.0,Price Sensitive,Persuadal
C0522,P001,0.7087,0.156,0.5527,67.14,16.96,TARGET,0.1.0,Frequent Shopper,Persuadal
C0523,P001,0.4687,0.3677,0.101,1.19,-8.39,SKIP,0.1.0,Occasional,Persuadal
C0524,P001,0.6635,0.1962,0.4674,54.67,12.16,TARGET,0.1.0,Occasional,Persuadal
C0525,P001,0.538,0.281,0.2569,24.4,0.8,TARGET,0.1.0,Occasional,Persuadal
C0526,P001,0.5152,0.4788,0.0364,-10.89,-14.66,SKIP,0.1.0,Frequent Shopper,Lost Cause
C0527,P001,0.401,0.528,-0.127,-33.85,-22.94,SLEEPING DOG (DO NOT DISTURB),0.1.0,Frequent Shopper,Sleeping Dog
C0528,P001,0.4308,0.5312,-0.1004,-30.47,-21.95,SLEEPING DOG (DO NOT DISTURB),0.1.0,Frequent Shopper,Sleeping Dog
C0529,P001,0.4069,0.5444,-0.1374,-35.75,-23.9,SLEEPING DOG (DO NOT DISTURB),0.1.0,High Value,Sleeping Dog
C0530,P001,0.5433,0.4536,0.0897,-3.1,-11.66,SKIP,0.1.0,Occasional,Persuadal
C0531,P001,0.3288,0.153,0.1758,17.97,1.67,TARGET,0.1.0,Occasional,Persuadal
C0532,P001,0.322,0.267,0.055,-1.54,-6.98,SKIP,0.1.0,Occasional,Persuadal
C0533,P001,0.466,0.3314,0.1345,6.76,-5.84,SKIP,0.1.0,Occasional,Persuadal
C0534,P001,0.5986,0.4557,0.1429,3.79,-9.56,SKIP,0.1.0,Price Sensitive,Persuadal
C0535,P001,0.4728,0.3007,0.1721,12.66,-3.3,SKIP,0.1.0,Price Sensitive,Persuadal
C0536,P001,0.3366,0.267,0.0695,0.36,-6.39,SKIP,0.1.0,Occasional,Persuadal
C0537,P001,0.4717,0.4132,0.0585,-5.85,-11.61,SKIP,0.1.0,Occasional,Persuadal
C0538,P001,0.4751,0.7396,-0.2645,-58.74,-35.46,SLEEPING DOG (DO NOT DISTURB),0.1.0,Frequent Shopper,Sleeping Dog
C0539,P001,0.6001,0.5405,0.0596,-9.88,-15.73,SKIP,0.1.0,Frequent Shopper,Persuadal
C0540,P001,0.4609,0.3921,0.0688,-3.83,-10.51,SKIP,0.1.0,High Value,Persuadal
C0541,P001,0.4239,0.1962,0.2278,23.36,2.38,TARGET,0.1.0,Occasional,Persuadal
C0542,P001,0.5698,0.2533,0.3165,33.08,4.14,TARGET,0.1.0,Price Sensitive,Persuadal
C0543,P001,0.497,0.3986,0.0984,-0.16,-9.51,SKIP,0.1.0,Frequent Shopper,Persuadal
C0544,P001,0.6319,0.6128,0.0191,-17.53,-19.75,SKIP,0.1.0,Price Sensitive,Sure Thing
C0545,P001,0.3933,0.6294,-0.2361,-51.43,-30.7,SLEEPING DOG (DO NOT DISTURB),0.1.0,Price Sensitive,Sleeping Dog
C0546,P001,0.6087,0.6225,-0.0137,-22.13,-21.4,SLEEPING DOG (DO NOT DISTURB),0.1.0,Frequent Shopper,Sure Thing
C0547,P001,0.6027,0.5354,0.0673,-8.69,-15.24,SKIP,0.1.0,High Value,Persuadal
C0548,P001,0.5541,0.84,-0.2859,-64.81,-39.61,SLEEPING DOG (DO NOT DISTURB),0.1.0,Price Sensitive,Sleeping Dog
C0549,P001,0.5962,0.7073,-0.1111,-37.63,-28.14,SLEEPING DOG (DO NOT DISTURB),0.1.0,Price Sensitive,Sleeping Dog
C0550,P001,0.7151,0.2375,0.4776,54.66,11.23,TARGET,0.1.0,Price Sensitive,Persuadal
C0551,P001,0.4568,0.7255,-0.2687,-58.82,-35.17,SLEEPING DOG (DO NOT DISTURB),0.1.0,Price Sensitive,Sleeping Dog
C0552,P001,0.3853,0.1962,0.1892,18.31,0.81,TARGET,0.1.0,Occasional,Persuadal
C0553,P001,0.6886,0.2707,0.4179,45.77,7.71,TARGET,0.1.0,Price Sensitive,Persuadal
C0554,P001,0.4711,0.5771,-0.106,-32.71,-23.68,SLEEPING DOG (DO NOT DISTURB),0.1.0,Price Sensitive,Sleeping Dog
C0555,P001,0.2632,0.336,-0.0728,-20.49,-14.45,SLEEPING DOG (DO NOT DISTURB),0.1.0,Occasional,Sleeping Dog
C0556,P001,0.5662,0.5295,0.0367,-12.5,-16.3,SKIP,0.1.0,Frequent Shopper,Sure Thing
C0557,P001,0.6965,0.4742,0.2223,13.56,-6.92,SKIP,0.1.0,High Value,Persuadal
C0558,P001,0.4695,0.5757,-0.1063,-32.7,-23.65,SLEEPING DOG (DO NOT DISTURB),0.1.0,High Value,Sleeping Dog
C0559,P001,0.4624,0.2743,0.1881,15.62,-1.79,SKIP,0.1.0,Price Sensitive,Persuadal
C0560,P001,0.4568,0.6903,-0.2335,-53.07,-32.58,SLEEPING DOG (DO NOT DISTURB),0.1.0,Price Sensitive,Sleeping Dog
C0561,P001,0.6065,0.1716,0.4349,51.23,11.64,TARGET,0.1.0,Price Sensitive,Persuadal
C0562,P001,0.6515,0.1597,0.4918,59.05,14.35,TARGET,0.1.0,Frequent Shopper,Persuadal
C0563,P001,0.4898,0.573,-0.0832,-29.59,-22.61,SLEEPING DOG (DO NOT DISTURB),0.1.0,High Value,Sleeping Dog
C0564,P001,0.4777,0.5155,-0.0378,-21.78,-18.89,SLEEPING DOG (DO NOT DISTURB),0.1.0,High Value,Sure Thing
C0565,P001,0.334,0.1369,0.1971,21.29,3.07,TARGET,0.1.0,Frequent Shopper,Persuadal
C0566,P001,0.5393,0.466,0.0733,-5.64,-12.73,SKIP,0.1.0,Price Sensitive,Persuadal
C0567,P001,0.3955,0.1876,0.2079,21.05,1.86,TARGET,0.1.0,Frequent Shopper,Persuadal
C0568,P001,0.4756,0.6072,-0.1316,-37.04,-25.71,SLEEPING DOG (DO NOT DISTURB),0.1.0,Frequent Shopper,Sleeping Dog
C0569,P001,0.6985,0.1962,0.5023,59.24,13.59,TARGET,0.1.0,Occasional,Persuadal
C0570,P001,0.4075,0.4141,-0.0065,-14.38,-14.3,SLEEPING DOG (DO NOT DISTURB),0.1.0,Frequent Shopper,Lost Cause
C0571,P001,0.3989,0.3636,0.0354,-7.26,-10.94,SKIP,0.1.0,Price Sensitive,Lost Cause
C0572,P001,0.6151,0.4056,0.2096,14.14,-5.2,SKIP,0.1.0,Price Sensitive,Persuadal
C0573,P001,0.3762,0.6013,-0.2251,-49.07,-29.33,SLEEPING DOG (DO NOT DISTURB),0.1.0,Frequent Shopper,Sleeping Dog
C0574,P001,0.5748,0.3261,0.2487,21.85,-1.01,SKIP,0.1.0,Price Sensitive,Persuadal
C0575,P001,0.54,0.461,0.079,-4.73,-12.34,SKIP,0.1.0,Occasional,Persuadal
C0576,P001,0.2632,0.336,-0.0728,-20.49,-14.45,SLEEPING DOG (DO NOT DISTURB),0.1.0,Occasional,Sleeping Dog
C0577,P001,0.5087,0.5757,-0.067,-27.57,-22.05,SLEEPING DOG (DO NOT DISTURB),0.1.0,High Value,Sleeping Dog
C0578,P001,0.4317,0.6846,-0.2529,-55.42,-33.19,SLEEPING DOG (DO NOT DISTURB),0.1.0,Occasional,Sleeping Dog
C0579,P001,0.3468,0.6132,-0.2663,-54.84,-31.4,SLEEPING DOG (DO NOT DISTURB),0.1.0,Frequent Shopper,Sleeping Dog
C0580,P001,0.5594,0.3776,0.1817,11.41,-5.42,SKIP,0.1.0,Frequent Shopper,Persuadal
C0581,P001,0.4607,0.2272,0.2335,23.09,1.6,TARGET,0.1.0,Frequent Shopper,Persuadal
C0582,P001,0.5573,0.2915,0.2658,25.21,0.82,TARGET,0.1.0,Occasional,Persuadal
C0583,P001,0.3354,0.1941,0.1413,12.12,-1.08,SKIP,0.1.0,Frequent Shopper,Persuadal
C0584,P001,0.4966,0.6513,-0.1547,-41.51,-28.1,SLEEPING DOG (DO NOT DISTURB),0.1.0,Frequent Shopper,Sleeping Dog
C0585,P001,0.651,0.4846,0.1664,5.92,-9.54,SKIP,0.1.0,Price Sensitive,Persuadal
C0586,P001,0.7085,0.156,0.5525,67.11,16.95,TARGET,0.1.0,Frequent Shopper,Persuadal
C0587,P001,0.5432,0.4267,0.1165,1.29,-9.69,SKIP,0.1.0,High Value,Persuadal
C0588,P001,0.6385,0.482,0.1565,4.71,-9.86,SKIP,0.1.0,High Value,Persuadal
C0589,P001,0.4922,0.5117,-0.0194,-19.26,-18.01,SLEEPING DOG (DO NOT DISTURB),0.1.0,High Value,Sure Thing
C0590,P001,0.4063,0.5201,-0.1138,-31.87,-22.14,SLEEPING DOG (DO NOT DISTURB),0.1.0,High Value,Sleeping Dog
C0591,P001,0.7084,0.4336,0.2747,21.74,-3.46,SKIP,0.1.0,High Value,Persuadal
C0592,P001,0.5303,0.5771,-0.0468,-24.98,-21.27,SLEEPING DOG (DO NOT DISTURB),0.1.0,Price Sensitive,Sure Thing
C0593,P001,0.5454,0.3947,0.1507,6.8,-7.25,SKIP,0.1.0,High Value,Persuadal
C0594,P001,0.4268,0.1869,0.2399,25.25,3.18,TARGET,0.1.0,Frequent Shopper,Persuadal
C0595,P001,0.3661,0.1962,0.1699,15.79,0.02,TARGET,0.1.0,Occasional,Persuadal
C0596,P001,0.5645,0.25,0.3145,32.94,4.16,TARGET,0.1.0,Frequent Shopper,Persuadal
C0597,P001,0.4659,0.3619,0.104,1.76,-8.08,SKIP,0.1.0,Price Sensitive,Persuadal
C0598,P001,0.5347,0.253,0.2817,28.55,2.73,TARGET,0.1.0,High Value,Persuadal
C0599,P001,0.4685,0.6362,-0.1677,-42.7,-28.13,SLEEPING DOG (DO NOT DISTURB),0.1.0,High Value,Sleeping Dog
C0600,P001,0.498,0.6122,-0.1142,-34.92,-25.16,SLEEPING DOG (DO NOT DISTURB),0.1.0,High Value,Sleeping Dog
C0601,P001,0.5527,0.3211,0.2316,19.78,-1.54,SKIP,0.1.0,High Value,Persuadal
C0602,P001,0.6851,0.5771,0.108,-4.74,-14.95,SKIP,0.1.0,Frequent Shopper,Persuadal
C0603,P001,0.4855,0.5446,-0.0592,-25.53,-20.71,SLEEPING DOG (DO NOT DISTURB),0.1.0,High Value,Sleeping Dog
C0604,P001,0.6068,0.3522,0.2546,21.76,-1.62,SKIP,0.1.0,High Value,Persuadal
C0605,P001,0.5887,0.532,0.0567,-9.97,-15.57,SKIP,0.1.0,High Value,Persuadal
C0606,P001,0.7239,0.4485,0.2753,21.33,-3.92,SKIP,0.1.0,Frequent Shopper,Persuadal
C0607,P001,0.4706,0.4093,0.0613,-5.37,-11.37,SKIP,0.1.0,Frequent Shopper,Persuadal
C0608,P001,0.5962,0.6134,-0.0172,-22.3,-21.25,SLEEPING DOG (DO NOT DISTURB),0.1.0,Frequent Shopper,Sure Thing
C0609,P001,0.5275,0.2364,0.2911,30.33,3.66,TARGET,0.1.0,Price Sensitive,Persuadal
C0610,P001,0.5275,0.4373,0.0902,-2.5,-11.11,SKIP,0.1.0,Price Sensitive,Persuadal
C0611,P001,0.5949,0.2417,0.3532,38.27,6.02,TARGET,0.1.0,High Value,Persuadal
C0612,P001,0.5257,0.5926,-0.0668,-28.1,-22.59,SLEEPING DOG (DO NOT DISTURB),0.1.0,Price Sensitive,Sleeping Dog
C0613,P001,0.5629,0.3849,0.178,10.68,-5.81,SKIP,0.1.0,Price Sensitive,Persuadal
C0614,P001,0.4749,0.6231,-0.1481,-39.72,-26.9,SLEEPING DOG (DO NOT DISTURB),0.1.0,High Value,Sleeping Dog
C0615,P001,0.5913,0.4132,0.1781,9.77,-6.73,SKIP,0.1.0,Occasional,Persuadal
C0616,P001,0.4174,0.4164,0.0009,-13.48,-14.07,SKIP,0.1.0,Occasional,Lost Cause
C0617,P001,0.471,0.5964,-0.1254,-35.87,-25.1,SLEEPING DOG (DO NOT DISTURB),0.1.0,High Value,Sleeping Dog
C0618,P001,0.548,0.1788,0.3692,42.41,8.72,TARGET,0.1.0,Frequent Shopper,Persuadal
C0619,P001,0.7417,0.5317,0.21,10.07,-9.3,SKIP,0.1.0,Occasional,Persuadal
C0620,P001,0.6119,0.436,0.1759,8.75,-7.57,SKIP,0.1.0,Price Sensitive,Persuadal
C0621,P001,0.5082,0.4622,0.046,-9.09,-13.72,SKIP,0.1.0,High Value,Lost Cause
C0622,P001,0.4644,0.5077,-0.0433,-22.25,-18.86,SLEEPING DOG (DO NOT DISTURB),0.1.0,Frequent Shopper,Sure Thing
C0623,P001,0.485,0.4281,0.0569,-6.55,-12.17,SKIP,0.1.0,Frequent Shopper,Persuadal
C0624,P001,0.5303,0.615,-0.0848,-31.17,-24.05,SLEEPING DOG (DO NOT DISTURB),0.1.0,Frequent Shopper,Sleeping Dog
C0625,P001,0.6709,0.3022,0.3687,38.32,4.67,TARGET,0.1.0,Price Sensitive,Persuadal
C0626,P001,0.7043,0.5774,0.1269,-2.28,-14.19,SKIP,0.1.0,Frequent Shopper,Persuadal
C0627,P001,0.6501,0.416,0.2341,17.01,-4.54,SKIP,0.1.0,Frequent Shopper,Persuadal
C0628,P001,0.5498,0.3465,0.2033,15.24,-3.53,SKIP,0.1.0,Price Sensitive,Persuadal
C0629,P001,0.6548,0.5607,0.0941,-6.02,-14.98,SKIP,0.1.0,High Value,Persuadal
C0630,P001,0.6006,0.1737,0.4269,50.12,11.24,TARGET,0.1.0,Frequent Shopper,Persuadal
C0631,P001,0.626,0.2293,0.3967,44.35,8.19,TARGET,0.1.0,Price Sensitive,Persuadal
C0632,P001,0.53,0.4716,0.0584,-7.78,-13.53,SKIP,0.1.0,Occasional,Persuadal
C0633,P001,0.4958,0.3278,0.168,11.25,-4.35,SKIP,0.1.0,Price Sensitive,Persuadal
C0634,P001,0.5551,0.4546,0.1005,-1.71,-11.25,SKIP,0.1.0,Price Sensitive,Persuadal
C0635,P001,0.3482,0.6254,-0.2772,-56.67,-32.25,SLEEPING DOG (DO NOT DISTURB),0.1.0,High Value,Sleeping Dog
C0636,P001,0.4073,0.3572,0.0501,-5.13,-10.13,SKIP,0.1.0,Frequent Shopper,Persuadal
C0637,P001,0.4961,0.5666,-0.0706,-27.74,-21.89,SLEEPING DOG (DO NOT DISTURB),0.1.0,Price Sensitive,Sleeping Dog
C0638,P001,0.614,0.1369,0.4771,57.89,14.5,TARGET,0.1.0,Frequent Shopper,Persuadal
C0639,P001,0.6153,0.7355,-0.1201,-39.73,-29.43,SLEEPING DOG (DO NOT DISTURB),0.1.0,Frequent Shopper,Sleeping Dog
C0640,P001,0.6574,0.512,0.1453,2.26,-11.3,SKIP,0.1.0,Frequent Shopper,Persuadal
C0641,P001,0.498,0.6254,-0.1274,-37.09,-26.13,SLEEPING DOG (DO NOT DISTURB),0.1.0,High Value,Sleeping Dog
C0642,P001,0.5311,0.5189,0.0122,-15.36,-16.96,SKIP,0.1.0,Frequent Shopper,Sure Thing
C0643,P001,0.4882,0.5354,-0.0472,-23.67,-19.92,SLEEPING DOG (DO NOT DISTURB),0.1.0,Frequent Shopper,Sure Thing
C0644,P001,0.5533,0.2569,0.2964,30.34,3.2,TARGET,0.1.0,Frequent Shopper,Persuadal
C0645,P001,0.5565,0.4067,0.1498,6.29,-7.68,SKIP,0.1.0,High Value,Persuadal
C0646,P001,0.572,0.4627,0.1092,-0.84,-11.16,SKIP,0.1.0,Occasional,Persuadal
C0647,P001,0.5433,0.5968,-0.0535,-26.5,-22.18,SLEEPING DOG (DO NOT DISTURB),0.1.0,Price Sensitive,Sleeping Dog
C0648,P001,0.4686,0.4921,-0.0235,-19.16,-17.54,SLEEPING DOG (DO NOT DISTURB),0.1.0,Price Sensitive,Lost Cause
C0649,P001,0.4694,0.4887,-0.0193,-18.49,-17.25,SLEEPING DOG (DO NOT DISTURB),0.1.0,Price Sensitive,Lost Cause
C0650,P001,0.5962,0.2514,0.3448,36.84,5.35,TARGET,0.1.0,Frequent Shopper,Persuadal
C0651,P001,0.473,0.5155,-0.0425,-22.4,-19.08,SLEEPING DOG (DO NOT DISTURB),0.1.0,High Value,Sure Thing
C0652,P001,0.5315,0.3022,0.2293,20.1,-1.02,SKIP,0.1.0,Price Sensitive,Persuadal
C0653,P001,0.5845,0.371,0.2135,15.78,-3.91,SKIP,0.1.0,Price Sensitive,Persuadal
C0654,P001,0.4906,0.5283,-0.0377,-22.19,-19.3,SLEEPING DOG (DO NOT DISTURB),0.1.0,Price Sensitive,Sure Thing
C0655,P001,0.4823,0.2796,0.2027,17.36,-1.36,SKIP,0.1.0,Frequent Shopper,Persuadal
C0656,P001,0.3453,0.3599,-0.0146,-13.67,-12.85,SLEEPING DOG (DO NOT DISTURB),0.1.0,High Value,Lost Cause
C0657,P001,0.5707,0.7379,-0.1672,-45.96,-31.43,SLEEPING DOG (DO NOT DISTURB),0.1.0,Frequent Shopper,Sleeping Dog
C0658,P001,0.4906,0.6163,-0.1257,-36.56,-25.76,SLEEPING DOG (DO NOT DISTURB),0.1.0,Frequent Shopper,Sleeping Dog
C0659,P001,0.5689,0.5989,-0.0301,-23.5,-21.3,SLEEPING DOG (DO NOT DISTURB),0.1.0,Price Sensitive,Sure Thing
C0660,P001,0.6214,0.5112,0.1102,-2.3,-12.71,SKIP,0.1.0,Price Sensitive,Persuadal
C0661,P001,0.4105,0.1583,0.2522,27.78,4.62,TARGET,0.1.0,Frequent Shopper,Persuadal
C0662,P001,0.4493,0.4716,-0.0223,-18.33,-16.82,SLEEPING DOG (DO NOT DISTURB),0.1.0,Occasional,Lost Cause
C0663,P001,0.453,0.3724,0.0806,-1.63,-9.38,SKIP,0.1.0,Price Sensitive,Persuadal
C0664,P001,0.6708,0.1854,0.4854,57.38,13.25,TARGET,0.1.0,Frequent Shopper,Persuadal
C0665,P001,0.5887,0.5468,0.0418,-12.4,-16.66,SKIP,0.1.0,High Value,Sure Thing
C0666,P001,0.4451,0.6731,-0.228,-51.79,-31.79,SLEEPING DOG (DO NOT DISTURB),0.1.0,High Value,Sleeping Dog
C0667,P001,0.6052,0.4319,0.1733,8.54,-7.54,SKIP,0.1.0,Frequent Shopper,Persuadal
C0668,P001,0.4685,0.6122,-0.1437,-38.79,-26.37,SLEEPING DOG (DO NOT DISTURB),0.1.0,High Value,Sleeping Dog
C0669,P001,0.6756,0.1809,0.4947,58.74,13.78,TARGET,0.1.0,High Value,Persuadal
C0670,P001,0.5601,0.6878,-0.1277,-39.17,-28.19,SLEEPING DOG (DO NOT DISTURB),0.1.0,Frequent Shopper,Sleeping Dog
C0671,P001,0.4937,0.573,-0.0793,-29.09,-22.46,SLEEPING DOG (DO NOT DISTURB),0.1.0,High Value,Sleeping Dog
C0672,P001,0.5421,0.281,0.2611,24.95,0.97,TARGET,0.1.0,Occasional,Persuadal
C0673,P001,0.4685,0.4347,0.0337,-9.79,-13.33,SKIP,0.1.0,High Value,Lost Cause
C0674,P001,0.6552,0.3206,0.3347,33.27,2.68,TARGET,0.1.0,Price Sensitive,Persuadal
C0675,P001,0.6753,0.3831,0.2921,25.66,-1.1,SKIP,0.1.0,Frequent Shopper,Persuadal
C0676,P001,0.556,0.4944,0.0615,-8.11,-14.14,SKIP,0.1.0,Occasional,Persuadal
C0677,P001,0.5137,0.5891,-0.0754,-29.1,-22.82,SLEEPING DOG (DO NOT DISTURB),0.1.0,High Value,Sleeping Dog
C0678,P001,0.3339,0.4279,-0.094,-26.27,-18.32,SLEEPING DOG (DO NOT DISTURB),0.1.0,Frequent Shopper,Sleeping Dog
C0679,P001,0.5518,0.153,0.3988,47.12,10.77,TARGET,0.1.0,Occasional,Persuadal
C0680,P001,0.6309,0.5825,0.0484,-12.71,-17.56,SKIP,0.1.0,Occasional,Sure Thing
C0681,P001,0.5868,0.3001,0.2867,27.66,1.39,TARGET,0.1.0,Occasional,Persuadal
C0682,P001,0.57,0.5104,0.0596,-8.89,-14.74,SKIP,0.1.0,Frequent Shopper,Persuadal
C0683,P001,0.5496,0.5205,0.0291,-13.2,-16.32,SKIP,0.1.0,High Value,Sure Thing
C0684,P001,0.5101,0.2836,0.2265,20.33,-0.52,SKIP,0.1.0,Price Sensitive,Persuadal
C0685,P001,0.2632,0.336,-0.0728,-20.49,-14.45,SLEEPING DOG (DO NOT DISTURB),0.1.0,Occasional,Sleeping Dog
C0686,P001,0.4077,0.3885,0.0192,-10.19,-12.41,SKIP,0.1.0,Price Sensitive,Lost Cause
C0687,P001,0.4717,0.4137,0.058,-5.93,-11.65,SKIP,0.1.0,Price Sensitive,Persuadal
C0688,P001,0.4336,0.4928,-0.0592,-23.84,-19.02,SLEEPING DOG (DO NOT DISTURB),0.1.0,Frequent Shopper,Sleeping Dog
C0689,P001,0.5513,0.3581,0.1932,13.55,-4.32,SKIP,0.1.0,Price Sensitive,Persuadal
C0690,P001,0.4337,0.6026,-0.1688,-41.75,-27.08,SLEEPING DOG (DO NOT DISTURB),0.1.0,High Value,Sleeping Dog
C0691,P001,0.6958,0.4492,0.2465,17.54,-5.12,SKIP,0.1.0,Frequent Shopper,Persuadal
C0692,P001,0.6377,0.6434,-0.0057,-21.77,-21.76,SLEEPING DOG (DO NOT DISTURB),0.1.0,Frequent Shopper,Sure Thing
C0693,P001,0.5999,0.6136,-0.0137,-21.84,-21.11,SLEEPING DOG (DO NOT DISTURB),0.1.0,Price Sensitive,Sure Thing
C0694,P001,0.6714,0.2678,0.4035,43.99,7.22,TARGET,0.1.0,Frequent Shopper,Persuadal
C0695,P001,0.4838,0.4151,0.0687,-4.59,-11.26,SKIP,0.1.0,High Value,Persuadal
C0696,P001,0.4972,0.3316,0.1656,10.8,-4.58,SKIP,0.1.0,Price Sensitive,Persuadal
C0697,P001,0.5633,0.5104,0.0529,-9.76,-15.02,SKIP,0.1.0,Frequent Shopper,Persuadal
C0698,P001,0.6397,0.3355,0.3043,28.81,0.96,TARGET,0.1.0,Price Sensitive,Persuadal
C0699,P001,0.4266,0.573,-0.1463,-37.85,-25.19,SLEEPING DOG (DO NOT DISTURB),0.1.0,High Value,Sleeping Dog
C0700,P001,0.5968,0.7538,-0.1569,-45.14,-31.53,SLEEPING DOG (DO NOT DISTURB),0.1.0,Frequent Shopper,Sleeping Dog
C0701,P001,0.4399,0.5766,-0.1367,-36.71,-24.92,SLEEPING DOG (DO NOT DISTURB),0.1.0,Price Sensitive,Sleeping Dog
C0702,P001,0.6965,0.6136,0.083,-9.2,-17.16,SKIP,0.1.0,High Value,Persuadal
C0703,P001,0.3831,0.4133,-0.0303,-17.46,-15.24,SLEEPING DOG (DO NOT DISTURB),0.1.0,Frequent Shopper,Lost Cause
C0704,P001,0.3908,0.5891,-0.1983,-45.16,-27.84,SLEEPING DOG (DO NOT DISTURB),0.1.0,High Value,Sleeping Dog
C0705,P001,0.6304,0.2843,0.3461,35.95,4.33,TARGET,0.1.0,High Value,Persuadal
C0706,P001,0.5428,0.2859,0.2569,24.23,0.64,TARGET,0.1.0,Occasional,Persuadal
C0707,P001,0.7508,0.6333,0.1175,-5.34,-16.4,SKIP,0.1.0,Frequent Shopper,Persuadal
C0708,P001,0.5718,0.153,0.4188,49.73,11.59,TARGET,0.1.0,Occasional,Persuadal
C0709,P001,0.4896,0.2796,0.2101,18.32,-1.06,SKIP,0.1.0,Frequent Shopper,Persuadal
C0710,P001,0.5962,0.4101,0.1861,10.92,-6.31,SKIP,0.1.0,Price Sensitive,Persuadal
C0711,P001,0.5171,0.2866,0.2305,20.77,-0.46,SKIP,0.1.0,Price Sensitive,Persuadal
C0712,P001,0.5962,0.6998,-0.1036,-36.41,-27.59,SLEEPING DOG (DO NOT DISTURB),0.1.0,Price Sensitive,Sleeping Dog
C0713,P001,0.6123,0.8198,-0.2074,-53.9,-35.75,SLEEPING DOG (DO NOT DISTURB),0.1.0,Frequent Shopper,Sleeping Dog
C0714,P001,0.3193,0.2599,0.0594,-0.73,-6.57,SKIP,0.1.0,Frequent Shopper,Persuadal
C0715,P001,0.5773,0.2796,0.2978,29.78,2.52,TARGET,0.1.0,Frequent Shopper,Persuadal
C0716,P001,0.537,0.153,0.3839,45.18,10.17,TARGET,0.1.0,Occasional,Persuadal
C0717,P001,0.3909,0.3364,0.0545,-3.87,-9.27,SKIP,0.1.0,Occasional,Persuadal
C0718,P001,0.5284,0.444,0.0844,-3.47,-11.56,SKIP,0.1.0,Occasional,Persuadal
C0719,P001,0.41,0.382,0.028,-8.82,-11.84,SKIP,0.1.0,High Value,Lost Cause
C0720,P001,0.4466,0.2436,0.2031,18.58,-0.17,SKIP,0.1.0,Price Sensitive,Persuadal
C0721,P001,0.7592,0.444,0.3152,26.69,-2.15,SKIP,0.1.0,Occasional,Persuadal
C0722,P001,0.4005,0.3185,0.082,0.31,-7.56,SKIP,0.1.0,High Value,Persuadal
C0723,P001,0.471,0.579,-0.108,-33.04,-23.83,SLEEPING DOG (DO NOT DISTURB),0.1.0,High Value,Sleeping Dog
C0724,P001,0.5642,0.5233,0.0409,-11.75,-15.93,SKIP,0.1.0,Price Sensitive,Sure Thing
C0725,P001,0.673,0.3649,0.3081,28.34,0.15,TARGET,0.1.0,Price Sensitive,Persuadal
C0726,P001,0.6133,0.4485,0.1648,6.88,-8.43,SKIP,0.1.0,Occasional,Persuadal
C0727,P001,0.7252,0.5952,0.13,-2.46,-14.64,SKIP,0.1.0,High Value,Persuadal
C0728,P001,0.4738,0.19,0.2838,30.89,4.87,TARGET,0.1.0,Price Sensitive,Persuadal
C0729,P001,0.4816,0.382,0.0996,0.53,-8.92,SKIP,0.1.0,Frequent Shopper,Persuadal
C0730,P001,0.6135,0.5891,0.0244,-16.05,-18.75,SKIP,0.1.0,High Value,Sure Thing
C0731,P001,0.4605,0.1649,0.2957,33.25,6.18,TARGET,0.1.0,High Value,Persuadal
C0732,P001,0.6072,0.1962,0.411,47.31,9.86,TARGET,0.1.0,Occasional,Persuadal
C0733,P001,0.5534,0.7417,-0.1883,-48.84,-32.42,SLEEPING DOG (DO NOT DISTURB),0.1.0,Price Sensitive,Sleeping Dog
C0734,P001,0.4414,0.6853,-0.2439,-54.27,-32.84,SLEEPING DOG (DO NOT DISTURB),0.1.0,Price Sensitive,Sleeping Dog
C0735,P001,0.6362,0.4121,0.2241,15.82,-4.82,SKIP,0.1.0,Frequent Shopper,Persuadal
C0736,P001,0.5461,0.4485,0.0976,-1.9,-11.17,SKIP,0.1.0,Occasional,Persuadal
C0737,P001,0.603,0.4602,0.1428,3.63,-9.71,SKIP,0.1.0,Frequent Shopper,Persuadal
C0738,P001,0.469,0.336,0.133,6.4,-6.05,SKIP,0.1.0,Occasional,Persuadal
C0739,P001,0.568,0.2546,0.3134,32.65,3.97,TARGET,0.1.0,Frequent Shopper,Persuadal
C0740,P001,0.5956,0.2705,0.3251,33.65,3.93,TARGET,0.1.0,Frequent Shopper,Persuadal
C0741,P001,0.6882,0.201,0.4872,57.11,12.81,TARGET,0.1.0,Frequent Shopper,Persuadal
C0742,P001,0.616,0.3146,0.3014,29.11,1.52,TARGET,0.1.0,Frequent Shopper,Persuadal
C0743,P001,0.6087,0.6982,-0.0895,-34.51,-26.97,SLEEPING DOG (DO NOT DISTURB),0.1.0,Price Sensitive,Sleeping Dog
C0744,P001,0.4574,0.3316,0.1258,5.61,-6.2,SKIP,0.1.0,Price Sensitive,Persuadal
C0745,P001,0.6722,0.3375,0.3347,32.71,2.13,TARGET,0.1.0,Frequent Shopper,Persuadal
C0746,P001,0.5575,0.5022,0.0553,-9.18,-14.65,SKIP,0.1.0,Occasional,Persuadal
C0747,P001,0.5206,0.2746,0.2461,23.19,0.57,TARGET,0.1.0,Frequent Shopper,Persuadal
C0748,P001,0.4892,0.2429,0.2463,24.25,1.61,TARGET,0.1.0,Price Sensitive,Persuadal
C0749,P001,0.3805,0.365,0.0155,-9.9,-11.79,SKIP,0.1.0,Occasional,Lost Cause
C0750,P001,0.6674,0.1776,0.4898,58.22,13.69,TARGET,0.1.0,Price Sensitive,Persuadal
C0751,P001,0.7104,0.6088,0.1017,-6.6,-16.24,SKIP,0.1.0,High Value,Persuadal
C0752,P001,0.4068,0.3739,0.0328,-7.93,-11.38,SKIP,0.1.0,Occasional,Lost Cause
C0753,P001,0.5058,0.1923,0.3135,34.69,6.01,TARGET,0.1.0,Price Sensitive,Persuadal
C0754,P001,0.5628,0.5998,-0.037,-24.43,-21.61,SLEEPING DOG (DO NOT DISTURB),0.1.0,Frequent Shopper,Sure Thing
C0755,P001,0.7086,0.189,0.5196,61.74,14.53,TARGET,0.1.0,High Value,Persuadal
C0756,P001,0.474,0.2374,0.2366,23.17,1.4,TARGET,0.1.0,Price Sensitive,Persuadal
C0757,P001,0.4101,0.4151,-0.0049,-14.21,-14.26,SLEEPING DOG (DO NOT DISTURB),0.1.0,Price Sensitive,Lost Cause
C0758,P001,0.6517,0.4134,0.2383,17.64,-4.28,SKIP,0.1.0,Price Sensitive,Persuadal
C0759,P001,0.5025,0.3872,0.1153,2.42,-8.44,SKIP,0.1.0,Occasional,Persuadal
C0760,P001,0.659,0.3971,0.2619,21.25,-2.79,SKIP,0.1.0,Price Sensitive,Persuadal
C0761,P001,0.5709,0.4753,0.0955,-3.05,-12.13,SKIP,0.1.0,High Value,Persuadal
C0762,P001,0.6956,0.5252,0.1705,5.12,-10.7,SKIP,0.1.0,Frequent Shopper,Persuadal
C0763,P001,0.6826,0.3603,0.3223,30.35,0.88,TARGET,0.1.0,Frequent Shopper,Persuadal
C0764,P001,0.5158,0.2847,0.2311,20.9,-0.37,SKIP,0.1.0,Price Sensitive,Persuadal
C0765,P001,0.6135,0.6026,0.0109,-18.26,-19.74,SKIP,0.1.0,High Value,Sure Thing
C0766,P001,0.4735,0.7286,-0.2551,-57.15,-34.72,SLEEPING DOG (DO NOT DISTURB),0.1.0,Price Sensitive,Sleeping Dog
C0767,P001,0.6029,0.8269,-0.224,-56.29,-36.66,SLEEPING DOG (DO NOT DISTURB),0.1.0,Price Sensitive,Sleeping Dog
C0768,P001,0.6903,0.336,0.3543,35.33,2.98,TARGET,0.1.0,Occasional,Persuadal
C0769,P001,0.6576,0.537,0.1206,-1.78,-13.12,SKIP,0.1.0,Frequent Shopper,Persuadal
C0770,P001,0.2537,0.4011,-0.1473,-32.36,-19.62,SLEEPING DOG (DO NOT DISTURB),0.1.0,Occasional,Sleeping Dog
C0771,P001,0.6403,0.4347,0.2055,12.66,-6.32,SKIP,0.1.0,High Value,Persuadal
C0772,P001,0.6523,0.444,0.2083,12.72,-6.5,SKIP,0.1.0,Occasional,Persuadal
C0773,P001,0.423,0.2705,0.1526,11.1,-3.11,SKIP,0.1.0,High Value,Persuadal
C0774,P001,0.4299,0.4579,-0.028,-18.62,-16.6,SLEEPING DOG (DO NOT DISTURB),0.1.0,Frequent Shopper,Lost Cause
C0775,P001,0.4569,0.3737,0.0832,-1.34,-9.32,SKIP,0.1.0,Price Sensitive,Persuadal
C0776,P001,0.6732,0.4387,0.2345,16.31,-5.26,SKIP,0.1.0,High Value,Persuadal
C0777,P001,0.3731,0.4369,-0.0638,-22.61,-17.38,SLEEPING DOG (DO NOT DISTURB),0.1.0,Frequent Shopper,Sleeping Dog
C0778,P001,0.5535,0.5995,-0.046,-25.61,-21.97,SLEEPING DOG (DO NOT DISTURB),0.1.0,Price Sensitive,Sure Thing
C0779,P001,0.5056,0.2992,0.2064,17.2,-1.85,SKIP,0.1.0,Price Sensitive,Persuadal
C0780,P001,0.4271,0.1923,0.2348,24.4,2.8,TARGET,0.1.0,Price Sensitive,Persuadal
C0781,P001,0.7692,0.2231,0.5461,64.08,14.49,TARGET,0.1.0,Price Sensitive,Persuadal
C0782,P001,0.4545,0.5346,-0.0801,-27.93,-21.23,SLEEPING DOG (DO NOT DISTURB),0.1.0,Price Sensitive,Sleeping Dog
C0783,P001,0.5419,0.5539,-0.012,-19.67,-19.09,SLEEPING DOG (DO NOT DISTURB),0.1.0,Frequent Shopper,Sure Thing
C0784,P001,0.5082,0.4142,0.094,-1.25,-10.2,SKIP,0.1.0,Frequent Shopper,Persuadal
C0785,P001,0.5348,0.6026,-0.0678,-28.55,-22.96,SLEEPING DOG (DO NOT DISTURB),0.1.0,High Value,Sleeping Dog
C0786,P001,0.4556,0.3632,0.0924,0.21,-8.6,SKIP,0.1.0,Occasional,Persuadal
C0787,P001,0.4514,0.6806,-0.2292,-52.19,-32.09,SLEEPING DOG (DO NOT DISTURB),0.1.0,Price Sensitive,Sleeping Dog
C0788,P001,0.4966,0.3224,0.1742,12.23,-3.93,SKIP,0.1.0,Frequent Shopper,Persuadal
C0789,P001,0.5532,0.2669,0.2863,28.7,2.46,TARGET,0.1.0,Frequent Shopper,Persuadal
C0790,P001,0.3779,0.2727,0.1051,4.83,-5.12,SKIP,0.1.0,Occasional,Persuadal
C0791,P001,0.5453,0.604,-0.0588,-27.42,-22.63,SLEEPING DOG (DO NOT DISTURB),0.1.0,High Value,Sleeping Dog
C0792,P001,0.4993,0.4056,0.0937,-1.0,-9.93,SKIP,0.1.0,Price Sensitive,Persuadal
C0793,P001,0.7117,0.2732,0.4384,48.37,8.46,TARGET,0.1.0,Price Sensitive,Persuadal
C0794,P001,0.4204,0.2787,0.1417,9.42,-3.82,SKIP,0.1.0,Price Sensitive,Persuadal
C0795,P001,0.5194,0.482,0.0374,-10.85,-14.72,SKIP,0.1.0,High Value,Lost Cause
C0796,P001,0.5705,0.4236,0.147,5.37,-8.34,SKIP,0.1.0,Occasional,Persuadal
C0797,P001,0.5645,0.153,0.4115,48.78,11.29,TARGET,0.1.0,Occasional,Persuadal
C0798,P001,0.5879,0.6437,-0.0558,-28.33,-23.81,SLEEPING DOG (DO NOT DISTURB),0.1.0,Price Sensitive,Sleeping Dog
C0799,P001,0.4884,0.3035,0.1849,14.25,-2.87,SKIP,0.1.0,Price Sensitive,Persuadal
C0800,P001,0.5252,0.2359,0.2893,30.1,3.6,TARGET,0.1.0,Occasional,Persuadal
C0801,P001,0.3933,0.3255,0.0677,-1.79,-8.37,SKIP,0.1.0,Price Sensitive,Persuadal
C0802,P001,0.5614,0.4249,0.1364,3.95,-8.82,SKIP,0.1.0,High Value,Persuadal
C0803,P001,0.3154,0.5725,-0.2571,-52.31,-29.7,SLEEPING DOG (DO NOT DISTURB),0.1.0,Price Sensitive,Sleeping Dog
C0804,P001,0.6297,0.3477,0.2819,25.49,-0.36,SKIP,0.1.0,Price Sensitive,Persuadal
C0805,P001,0.4919,0.4142,0.0777,-3.37,-10.86,SKIP,0.1.0,Frequent Shopper,Persuadal
C0806,P001,0.5412,0.2336,0.3076,32.58,4.42,TARGET,0.1.0,Price Sensitive,Persuadal
C0807,P001,0.2597,0.3401,-0.0804,-21.62,-14.89,SLEEPING DOG (DO NOT DISTURB),0.1.0,Occasional,Sleeping Dog
C0808,P001,0.7044,0.4498,0.2546,18.59,-4.8,SKIP,0.1.0,Occasional,Persuadal
C0809,P001,0.6904,0.6847,0.0057,-21.62,-22.64,SKIP,0.1.0,Frequent Shopper,Sure Thing
C0810,P001,0.6158,0.573,0.0429,-13.12,-17.47,SKIP,0.1.0,High Value,Sure Thing
C0811,P001,0.2827,0.336,-0.0533,-17.95,-13.66,SLEEPING DOG (DO NOT DISTURB),0.1.0,Occasional,Sleeping Dog
C0812,P001,0.4214,0.1852,0.2362,24.83,3.09,TARGET,0.1.0,Occasional,Persuadal
C0813,P001,0.5887,0.668,-0.0793,-32.19,-25.56,SLEEPING DOG (DO NOT DISTURB),0.1.0,High Value,Sleeping Dog
C0814,P001,0.5374,0.153,0.3843,45.23,10.18,TARGET,0.1.0,Occasional,Persuadal
C0815,P001,0.5364,0.2557,0.2807,28.34,2.6,TARGET,0.1.0,Occasional,Persuadal
C0816,P001,0.5041,0.2744,0.2298,21.06,-0.09,SKIP,0.1.0,Price Sensitive,Persuadal
C0817,P001,0.5962,0.4602,0.1361,2.75,-9.98,SKIP,0.1.0,Price Sensitive,Persuadal
C0818,P001,0.5886,0.7255,-0.1369,-41.59,-29.79,SLEEPING DOG (DO NOT DISTURB),0.1.0,Frequent Shopper,Sleeping Dog
C0819,P001,0.4579,0.506,-0.0481,-22.82,-19.0,SLEEPING DOG (DO NOT DISTURB),0.1.0,High Value,Sure Thing
C0820,P001,0.328,0.212,0.116,8.23,-2.69,SKIP,0.1.0,Frequent Shopper,Persuadal
C0821,P001,0.3729,0.267,0.1059,5.11,-4.9,SKIP,0.1.0,Occasional,Persuadal
C0822,P001,0.3671,0.482,-0.1149,-30.76,-20.94,SLEEPING DOG (DO NOT DISTURB),0.1.0,High Value,Sleeping Dog
C0823,P001,0.4528,0.198,0.2548,26.84,3.43,TARGET,0.1.0,Frequent Shopper,Persuadal
C0824,P001,0.4988,0.4144,0.0845,-2.5,-10.59,SKIP,0.1.0,Frequent Shopper,Persuadal
C0825,P001,0.4974,0.8227,-0.3254,-69.41,-40.66,SLEEPING DOG (DO NOT DISTURB),0.1.0,Price Sensitive,Sleeping Dog
C0826,P001,0.534,0.3276,0.2065,16.29,-2.78,SKIP,0.1.0,Occasional,Persuadal
C0827,P001,0.6155,0.2818,0.3337,34.41,3.91,TARGET,0.1.0,Frequent Shopper,Persuadal
C0828,P001,0.5199,0.4323,0.0876,-2.68,-11.05,SKIP,0.1.0,Frequent Shopper,Persuadal
C0829,P001,0.5467,0.5593,-0.0126,-19.92,-19.29,SLEEPING DOG (DO NOT DISTURB),0.1.0,Price Sensitive,Sure Thing
C0830,P001,0.6486,0.2061,0.4424,51.09,10.82,TARGET,0.1.0,Frequent Shopper,Persuadal
C0831,P001,0.4697,0.2796,0.1901,15.72,-1.88,SKIP,0.1.0,Frequent Shopper,Persuadal
C0832,P001,0.6589,0.1635,0.4953,59.39,14.37,TARGET,0.1.0,Frequent Shopper,Persuadal
C0833,P001,0.7168,0.1986,0.5182,61.24,14.16,TARGET,0.1.0,High Value,Persuadal
C0834,P001,0.3875,0.532,-0.1445,-36.26,-23.78,SLEEPING DOG (DO NOT DISTURB),0.1.0,High Value,Sleeping Dog
C0835,P001,0.4907,0.4423,0.0484,-8.13,-12.98,SKIP,0.1.0,Frequent Shopper,Lost Cause
C0836,P001,0.5055,0.4142,0.0913,-1.6,-10.31,SKIP,0.1.0,Frequent Shopper,Persuadal
C0837,P001,0.6356,0.1962,0.4394,51.02,11.02,TARGET,0.1.0,Occasional,Persuadal
C0838,P001,0.5002,0.2049,0.2953,31.9,4.85,TARGET,0.1.0,Frequent Shopper,Persuadal
C0839,P001,0.4005,0.5226,-0.1221,-33.03,-22.56,SLEEPING DOG (DO NOT DISTURB),0.1.0,Price Sensitive,Sleeping Dog
C0840,P001,0.6791,0.2678,0.4112,44.99,7.53,TARGET,0.1.0,Price Sensitive,Persuadal
C0841,P001,0.3585,0.6002,-0.2416,-51.19,-29.97,SLEEPING DOG (DO NOT DISTURB),0.1.0,High Value,Sleeping Dog
C0842,P001,0.4189,0.2529,0.166,13.44,-1.99,SKIP,0.1.0,Price Sensitive,Persuadal
C0843,P001,0.6442,0.5891,0.0552,-12.03,-17.5,SKIP,0.1.0,High Value,Persuadal
C0844,P001,0.6013,0.6992,-0.0979,-35.64,-27.34,SLEEPING DOG (DO NOT DISTURB),0.1.0,Occasional,Sleeping Dog
C0845,P001,0.566,0.4531,0.1129,-0.04,-10.7,SKIP,0.1.0,High Value,Persuadal
C0846,P001,0.6153,0.5539,0.0614,-10.08,-16.09,SKIP,0.1.0,Frequent Shopper,Persuadal
C0847,P001,0.4685,0.4625,0.006,-14.33,-15.37,SKIP,0.1.0,High Value,Lost Cause
C0848,P001,0.4108,0.1788,0.232,24.48,3.12,TARGET,0.1.0,Occasional,Persuadal
C0849,P001,0.5024,0.394,0.1084,1.3,-8.95,SKIP,0.1.0,Price Sensitive,Persuadal
C0850,P001,0.5474,0.39,0.1574,7.82,-6.82,SKIP,0.1.0,Price Sensitive,Persuadal
C0851,P001,0.4489,0.6056,-0.1567,-40.26,-26.68,SLEEPING DOG (DO NOT DISTURB),0.1.0,High Value,Sleeping Dog
C0852,P001,0.5854,0.2297,0.3557,38.98,6.51,TARGET,0.1.0,Price Sensitive,Persuadal
C0853,P001,0.5414,0.8024,-0.261,-60.33,-37.37,SLEEPING DOG (DO NOT DISTURB),0.1.0,Frequent Shopper,Sleeping Dog
C0854,P001,0.241,0.336,-0.095,-23.4,-15.36,SLEEPING DOG (DO NOT DISTURB),0.1.0,Occasional,Sleeping Dog
C0855,P001,0.5473,0.4402,0.1072,-0.38,-10.51,SKIP,0.1.0,Frequent Shopper,Persuadal
C0856,P001,0.6403,0.573,0.0673,-9.92,-16.47,SKIP,0.1.0,High Value,Persuadal
C0857,P001,0.557,0.6231,-0.0661,-28.99,-23.55,SLEEPING DOG (DO NOT DISTURB),0.1.0,High Value,Sleeping Dog
C0858,P001,0.6028,0.6072,-0.0044,-20.41,-20.52,SLEEPING DOG (DO NOT DISTURB),0.1.0,Frequent Shopper,Sure Thing
C0859,P001,0.5428,0.2463,0.2964,30.7,3.55,TARGET,0.1.0,Price Sensitive,Persuadal
C0860,P001,0.5803,0.5493,0.031,-13.89,-17.18,SKIP,0.1.0,High Value,Sure Thing
C0861,P001,0.4335,0.5831,-0.1496,-38.61,-25.66,SLEEPING DOG (DO NOT DISTURB),0.1.0,Price Sensitive,Sleeping Dog
C0862,P001,0.6685,0.2746,0.3939,42.51,6.6,TARGET,0.1.0,Frequent Shopper,Persuadal
C0863,P001,0.5415,0.5394,0.0021,-17.35,-18.04,SKIP,0.1.0,Price Sensitive,Sure Thing
C0864,P001,0.6131,0.3833,0.2297,17.5,-3.65,SKIP,0.1.0,Frequent Shopper,Persuadal
C0865,P001,0.5677,0.2279,0.3399,36.98,5.92,TARGET,0.1.0,Frequent Shopper,Persuadal
C0866,P001,0.434,0.3767,0.0572,-4.83,-10.47,SKIP,0.1.0,Price Sensitive,Persuadal
C0867,P001,0.5242,0.482,0.0422,-10.23,-14.52,SKIP,0.1.0,High Value,Lost Cause
C0868,P001,0.6207,0.5546,0.0661,-9.48,-15.92,SKIP,0.1.0,High Value,Persuadal
C0869,P001,0.537,0.3872,0.1499,6.94,-7.03,SKIP,0.1.0,Occasional,Persuadal
C0870,P001,0.2544,0.336,-0.0816,-21.65,-14.81,SLEEPING DOG (DO NOT DISTURB),0.1.0,Occasional,Sleeping Dog
C0871,P001,0.6736,0.2449,0.4287,48.03,8.99,TARGET,0.1.0,Frequent Shopper,Persuadal
C0872,P001,0.7605,0.417,0.3435,31.27,-0.11,SKIP,0.1.0,Frequent Shopper,Persuadal
C0873,P001,0.5801,0.3261,0.2541,22.55,-0.79,SKIP,0.1.0,Price Sensitive,Persuadal
C0874,P001,0.6274,0.3517,0.2756,24.53,-0.74,SKIP,0.1.0,Frequent Shopper,Persuadal
C0875,P001,0.4758,0.5554,-0.0796,-28.55,-21.89,SLEEPING DOG (DO NOT DISTURB),0.1.0,High Value,Sleeping Dog
C0876,P001,0.6585,0.4267,0.2318,16.36,-4.98,SKIP,0.1.0,High Value,Persuadal
C0877,P001,0.5353,0.4492,0.086,-3.44,-11.67,SKIP,0.1.0,Price Sensitive,Persuadal
C0878,P001,0.5818,0.8415,-0.2597,-61.43,-38.59,SLEEPING DOG (DO NOT DISTURB),0.1.0,Price Sensitive,Sleeping Dog
C0879,P001,0.5072,0.2088,0.2984,32.17,4.85,TARGET,0.1.0,High Value,Persuadal
C0880,P001,0.4503,0.3156,0.1347,7.3,-5.31,SKIP,0.1.0,Frequent Shopper,Persuadal
C0881,P001,0.633,0.4435,0.1895,10.27,-7.26,SKIP,0.1.0,Frequent Shopper,Persuadal
C0882,P001,0.522,0.7386,-0.2167,-52.45,-33.48,SLEEPING DOG (DO NOT DISTURB),0.1.0,Price Sensitive,Sleeping Dog
C0883,P001,0.4937,0.482,0.0117,-14.22,-15.77,SKIP,0.1.0,High Value,Lost Cause
C0884,P001,0.4359,0.275,0.1609,12.04,-2.92,SKIP,0.1.0,High Value,Persuadal
C0885,P001,0.6355,0.4319,0.2037,12.51,-6.3,SKIP,0.1.0,Price Sensitive,Persuadal
C0886,P001,0.598,0.6243,-0.0263,-23.84,-21.97,SLEEPING DOG (DO NOT DISTURB),0.1.0,High Value,Sure Thing
C0887,P001,0.7135,0.4095,0.304,26.36,-1.47,SKIP,0.1.0,Price Sensitive,Persuadal
C0888,P001,0.5968,0.5216,0.0753,-7.2,-14.47,SKIP,0.1.0,Frequent Shopper,Persuadal
C0889,P001,0.4732,0.6002,-0.127,-36.2,-25.29,SLEEPING DOG (DO NOT DISTURB),0.1.0,High Value,Sleeping Dog
C0890,P001,0.3879,0.5189,-0.1311,-34.08,-22.8,SLEEPING DOG (DO NOT DISTURB),0.1.0,Frequent Shopper,Sleeping Dog
C0891,P001,0.6187,0.4574,0.1613,6.13,-8.86,SKIP,0.1.0,Price Sensitive,Persuadal
C0892,P001,0.322,0.267,0.055,-1.54,-6.98,SKIP,0.1.0,Occasional,Persuadal
C0893,P001,0.4222,0.153,0.2692,30.18,5.48,TARGET,0.1.0,Occasional,Persuadal
C0894,P001,0.609,0.187,0.4221,49.05,10.61,TARGET,0.1.0,Frequent Shopper,Persuadal
C0895,P001,0.4648,0.7023,-0.2375,-53.98,-33.14,SLEEPING DOG (DO NOT DISTURB),0.1.0,Price Sensitive,Sleeping Dog
C0896,P001,0.505,0.6273,-0.1223,-36.47,-25.98,SLEEPING DOG (DO NOT DISTURB),0.1.0,Frequent Shopper,Sleeping Dog
C0897,P001,0.5432,0.3528,0.1904,13.36,-4.26,SKIP,0.1.0,Frequent Shopper,Persuadal
C0898,P001,0.5156,0.6839,-0.1683,-44.34,-29.71,SLEEPING DOG (DO NOT DISTURB),0.1.0,Occasional,Sleeping Dog
C0899,P001,0.5143,0.482,0.0323,-11.52,-14.93,SKIP,0.1.0,High Value,Lost Cause
C0900,P001,0.5887,0.6594,-0.0708,-30.79,-24.93,SLEEPING DOG (DO NOT DISTURB),0.1.0,High Value,Sleeping Dog
C0901,P001,0.4451,0.4921,-0.047,-22.22,-18.5,SLEEPING DOG (DO NOT DISTURB),0.1.0,Frequent Shopper,Lost Cause
C0902,P001,0.6328,0.5891,0.0437,-13.53,-17.96,SKIP,0.1.0,High Value,Sure Thing
C0903,P001,0.6443,0.6231,0.0212,-17.59,-19.99,SKIP,0.1.0,High Value,Sure Thing
C0904,P001,0.5458,0.3276,0.2182,17.81,-2.3,SKIP,0.1.0,Price Sensitive,Persuadal
C0905,P001,0.3776,0.4861,-0.1085,-30.06,-20.81,SLEEPING DOG (DO NOT DISTURB),0.1.0,Frequent Shopper,Sleeping Dog
C0906,P001,0.3304,0.336,-0.0056,-11.71,-11.71,SLEEPING DOG (DO NOT DISTURB),0.1.0,Occasional,Lost Cause
C0907,P001,0.2456,0.4276,-0.182,-37.76,-21.9,SLEEPING DOG (DO NOT DISTURB),0.1.0,Occasional,Sleeping Dog
C0908,P001,0.4761,0.2089,0.2672,28.1,3.58,TARGET,0.1.0,Frequent Shopper,Persuadal
C0909,P001,0.5464,0.261,0.2854,28.77,2.62,TARGET,0.1.0,Frequent Shopper,Persuadal
C0910,P001,0.6491,0.2831,0.366,38.58,5.18,TARGET,0.1.0,Frequent Shopper,Persuadal
C0911,P001,0.6691,0.2948,0.3744,39.3,5.15,TARGET,0.1.0,Price Sensitive,Persuadal
C0912,P001,0.5626,0.5832,-0.0206,-21.75,-20.39,SLEEPING DOG (DO NOT DISTURB),0.1.0,Frequent Shopper,Sure Thing
C0913,P001,0.5689,0.3655,0.2034,14.63,-4.14,SKIP,0.1.0,Price Sensitive,Persuadal
C0914,P001,0.5642,0.7811,-0.2169,-53.87,-34.87,SLEEPING DOG (DO NOT DISTURB),0.1.0,Frequent Shopper,Sleeping Dog
C0915,P001,0.7277,0.4267,0.301,25.4,-2.16,SKIP,0.1.0,Price Sensitive,Persuadal
C0916,P001,0.6817,0.2458,0.4359,48.94,9.26,TARGET,0.1.0,Frequent Shopper,Persuadal
C0917,P001,0.2564,0.1941,0.0623,1.8,-4.3,SKIP,0.1.0,Frequent Shopper,Persuadal
C0918,P001,0.2729,0.267,0.0059,-7.96,-8.99,SKIP,0.1.0,Occasional,Lost Cause
C0919,P001,0.6766,0.609,0.0677,-11.05,-17.64,SKIP,0.1.0,Price Sensitive,Persuadal
C0920,P001,0.5818,0.5891,-0.0073,-20.2,-20.04,SLEEPING DOG (DO NOT DISTURB),0.1.0,High Value,Sure Thing
C0921,P001,0.4958,0.2859,0.2099,18.09,-1.28,SKIP,0.1.0,Occasional,Persuadal
C0922,P001,0.6387,0.5354,0.1033,-4.0,-13.78,SKIP,0.1.0,Frequent Shopper,Persuadal
C0923,P001,0.6615,0.1962,0.4653,54.4,12.08,TARGET,0.1.0,Occasional,Persuadal
C0924,P001,0.6021,0.3274,0.2746,25.2,0.01,TARGET,0.1.0,Price Sensitive,Persuadal
C0925,P001,0.5761,0.537,0.0391,-12.44,-16.45,SKIP,0.1.0,Frequent Shopper,Sure Thing
C0926,P001,0.6222,0.4717,0.1505,4.26,-9.77,SKIP,0.1.0,High Value,Persuadal
C0927,P001,0.6191,0.2263,0.3928,43.94,8.13,TARGET,0.1.0,Frequent Shopper,Persuadal
C0928,P001,0.6582,0.8042,-0.146,-45.36,-32.73,SLEEPING DOG (DO NOT DISTURB),0.1.0,Price Sensitive,Sleeping Dog
C0929,P001,0.6902,0.3482,0.3419,33.31,2.08,TARGET,0.1.0,Price Sensitive,Persuadal
C0930,P001,0.5798,0.2985,0.2813,27.01,1.22,TARGET,0.1.0,Frequent Shopper,Persuadal
C0931,P001,0.7334,0.5891,0.1444,-0.38,-13.86,SKIP,0.1.0,High Value,Persuadal
C0932,P001,0.6737,0.27,0.4037,43.95,7.15,TARGET,0.1.0,Occasional,Persuadal
C0933,P001,0.6197,0.4276,0.1921,11.14,-6.63,SKIP,0.1.0,Occasional,Persuadal
C0934,P001,0.6575,0.3263,0.3312,32.62,2.35,TARGET,0.1.0,Price Sensitive,Persuadal
C0935,P001,0.4388,0.4531,-0.0143,-16.68,-15.89,SLEEPING DOG (DO NOT DISTURB),0.1.0,High Value,Lost Cause
C0936,P001,0.5849,0.5994,-0.0145,-21.48,-20.68,SLEEPING DOG (DO NOT DISTURB),0.1.0,Frequent Shopper,Sure Thing
C0937,P001,0.4732,0.5891,-0.1158,-34.39,-24.47,SLEEPING DOG (DO NOT DISTURB),0.1.0,High Value,Sleeping Dog
C0938,P001,0.2544,0.336,-0.0816,-21.65,-14.81,SLEEPING DOG (DO NOT DISTURB),0.1.0,Occasional,Sleeping Dog
C0939,P001,0.6711,0.5891,0.082,-8.53,-16.4,SKIP,0.1.0,High Value,Persuadal
C0940,P001,0.562,0.4195,0.1424,4.91,-8.39,SKIP,0.1.0,Price Sensitive,Persuadal
C0941,P001,0.4966,0.5621,-0.0655,-26.93,-21.54,SLEEPING DOG (DO NOT DISTURB),0.1.0,Frequent Shopper,Sleeping Dog
C0942,P001,0.4211,0.2928,0.1283,7.2,-4.83,SKIP,0.1.0,Price Sensitive,Persuadal
C0943,P001,0.5607,0.1888,0.3719,42.44,8.51,TARGET,0.1.0,Price Sensitive,Persuadal
C0944,P001,0.7105,0.1962,0.5144,60.82,14.08,TARGET,0.1.0,Occasional,Persuadal
C0945,P001,0.7134,0.1642,0.5493,66.42,16.55,TARGET,0.1.0,Frequent Shopper,Persuadal
C0946,P001,0.6096,0.482,0.1277,0.94,-11.04,SKIP,0.1.0,High Value,Persuadal
C0947,P001,0.4758,0.5867,-0.1109,-33.66,-24.19,SLEEPING DOG (DO NOT DISTURB),0.1.0,High Value,Sleeping Dog
C0948,P001,0.2632,0.336,-0.0728,-20.49,-14.45,SLEEPING DOG (DO NOT DISTURB),0.1.0,Occasional,Sleeping Dog
C0949,P001,0.5648,0.3967,0.1681,9.01,-6.6,SKIP,0.1.0,Occasional,Persuadal
C0950,P001,0.533,0.4394,0.0936,-2.13,-11.04,SKIP,0.1.0,Price Sensitive,Persuadal
C0951,P001,0.5142,0.8269,-0.3127,-67.89,-40.28,SLEEPING DOG (DO NOT DISTURB),0.1.0,Price Sensitive,Sleeping Dog
C0952,P001,0.5355,0.3901,0.1454,6.26,-7.31,SKIP,0.1.0,Price Sensitive,Persuadal
C0953,P001,0.4616,0.532,-0.0704,-26.58,-20.76,SLEEPING DOG (DO NOT DISTURB),0.1.0,High Value,Sleeping Dog
C0954,P001,0.322,0.267,0.055,-1.54,-6.98,SKIP,0.1.0,Occasional,Persuadal
C0955,P001,0.6705,0.5252,0.1453,1.83,-11.73,SKIP,0.1.0,Frequent Shopper,Persuadal
C0956,P001,0.57,0.6725,-0.1025,-35.37,-26.66,SLEEPING DOG (DO NOT DISTURB),0.1.0,Frequent Shopper,Sleeping Dog
C0957,P001,0.5354,0.5539,-0.0185,-20.52,-19.36,SLEEPING DOG (DO NOT DISTURB),0.1.0,Price Sensitive,Sure Thing
C0958,P001,0.4923,0.5964,-0.1041,-33.09,-24.23,SLEEPING DOG (DO NOT DISTURB),0.1.0,High Value,Sleeping Dog
C0959,P001,0.6896,0.482,0.2077,11.39,-7.77,SKIP,0.1.0,High Value,Persuadal
C0960,P001,0.2521,0.2796,-0.0274,-12.72,-10.75,SLEEPING DOG (DO NOT DISTURB),0.1.0,Price Sensitive,Lost Cause
C0961,P001,0.3942,0.4625,-0.0683,-24.04,-18.4,SLEEPING DOG (DO NOT DISTURB),0.1.0,High Value,Sleeping Dog
C0962,P001,0.585,0.2033,0.3817,43.24,8.43,TARGET,0.1.0,Price Sensitive,Persuadal
C0963,P001,0.6266,0.2306,0.396,44.22,8.12,TARGET,0.1.0,Frequent Shopper,Persuadal
C0964,P001,0.6089,0.3737,0.2353,18.54,-3.11,SKIP,0.1.0,Frequent Shopper,Persuadal
C0965,P001,0.6356,0.4574,0.1782,8.34,-8.17,SKIP,0.1.0,Frequent Shopper,Persuadal
C0966,P001,0.6203,0.4119,0.2084,13.78,-5.45,SKIP,0.1.0,Frequent Shopper,Persuadal
C0967,P001,0.5809,0.348,0.2329,19.07,-2.37,SKIP,0.1.0,Price Sensitive,Persuadal
C0968,P001,0.5541,0.8319,-0.2778,-63.49,-39.02,SLEEPING DOG (DO NOT DISTURB),0.1.0,Frequent Shopper,Sleeping Dog
C0969,P001,0.472,0.3767,0.0952,0.13,-8.92,SKIP,0.1.0,Price Sensitive,Persuadal
C0970,P001,0.4075,0.2089,0.1986,19.14,0.78,TARGET,0.1.0,Frequent Shopper,Persuadal
C0971,P001,0.5215,0.7795,-0.258,-59.19,-36.5,SLEEPING DOG (DO NOT DISTURB),0.1.0,Price Sensitive,Sleeping Dog
C0972,P001,0.4109,0.153,0.2579,28.71,5.02,TARGET,0.1.0,Occasional,Persuadal
C0973,P001,0.4329,0.2401,0.1929,17.37,-0.47,SKIP,0.1.0,Price Sensitive,Persuadal
C0974,P001,0.6337,0.1642,0.4695,56.0,13.3,TARGET,0.1.0,Frequent Shopper,Persuadal
C0975,P001,0.391,0.506,-0.115,-31.57,-21.73,SLEEPING DOG (DO NOT DISTURB),0.1.0,High Value,Sleeping Dog
C0976,P001,0.5414,0.8302,-0.2888,-64.86,-39.41,SLEEPING DOG (DO NOT DISTURB),0.1.0,Frequent Shopper,Sleeping Dog
C0977,P001,0.4581,0.5725,-0.1144,-33.66,-23.88,SLEEPING DOG (DO NOT DISTURB),0.1.0,Price Sensitive,Sleeping Dog
C0978,P001,0.7193,0.573,0.1463,0.4,-13.25,SKIP,0.1.0,High Value,Persuadal
C0979,P001,0.4058,0.5989,-0.1931,-44.81,-27.95,SLEEPING DOG (DO NOT DISTURB),0.1.0,Frequent Shopper,Sleeping Dog
C0980,P001,0.3574,0.2715,0.0859,2.35,-5.87,SKIP,0.1.0,Price Sensitive,Persuadal
C0981,P001,0.5956,0.3329,0.2627,23.46,-0.66,SKIP,0.1.0,Frequent Shopper,Persuadal
C0982,P001,0.5444,0.3654,0.179,11.46,-5.14,SKIP,0.1.0,Price Sensitive,Persuadal
C0983,P001,0.7305,0.6035,0.127,-3.11,-15.03,SKIP,0.1.0,High Value,Persuadal
C0984,P001,0.4092,0.4383,-0.0291,-18.13,-16.01,SLEEPING DOG (DO NOT DISTURB),0.1.0,High Value,Lost Cause
C0985,P001,0.4622,0.2204,0.2418,24.4,2.17,TARGET,0.1.0,Price Sensitive,Persuadal
C0986,P001,0.6266,0.226,0.4006,44.97,8.46,TARGET,0.1.0,Frequent Shopper,Persuadal
C0987,P001,0.645,0.8301,-0.1851,-51.31,-35.17,SLEEPING DOG (DO NOT DISTURB),0.1.0,Price Sensitive,Sleeping Dog
C0988,P001,0.5642,0.7845,-0.2204,-54.43,-35.13,SLEEPING DOG (DO NOT DISTURB),0.1.0,Frequent Shopper,Sleeping Dog
C0989,P001,0.4946,0.5354,-0.0408,-22.83,-19.66,SLEEPING DOG (DO NOT DISTURB),0.1.0,Frequent Shopper,Sure Thing
C0990,P001,0.5273,0.3572,0.1701,10.55,-5.23,SKIP,0.1.0,Occasional,Persuadal
C0991,P001,0.7364,0.8039,-0.0675,-35.09,-29.52,SLEEPING DOG (DO NOT DISTURB),0.1.0,Price Sensitive,Sleeping Dog
C0992,P001,0.4545,0.3855,0.069,-3.57,-10.28,SKIP,0.1.0,Price Sensitive,Persuadal
C0993,P001,0.4686,0.7408,-0.2722,-59.78,-35.81,SLEEPING DOG (DO NOT DISTURB),0.1.0,Frequent Shopper,Sleeping Dog
C0994,P001,0.7131,0.4974,0.2156,11.93,-7.95,SKIP,0.1.0,Price Sensitive,Persuadal
C0995,P001,0.6664,0.4204,0.246,18.42,-4.19,SKIP,0.1.0,Frequent Shopper,Persuadal
C0996,P001,0.4248,0.685,-0.2602,-56.39,-33.5,SLEEPING DOG (DO NOT DISTURB),0.1.0,High Value,Sleeping Dog
C0997,P001,0.4587,0.153,0.3057,34.95,6.97,TARGET,0.1.0,Occasional,Persuadal
C0998,P001,0.6677,0.569,0.0988,-5.68,-15.06,SKIP,0.1.0,High Value,Persuadal
C0999,P001,0.5192,0.7241,-0.2049,-50.43,-32.52,SLEEPING DOG (DO NOT DISTURB),0.1.0,Occasional,Sleeping Dog
C1000,P001,0.5916,0.2503,0.3413,36.43,5.25,TARGET,0.1.0,Frequent Shopper,Persuadal
